current_url,source_file,output_file,page_type,canonical_url,current_status,indexable,in_sitemap,action,redirect_target,archive_path,notes
https://senseisandy.com/parent-resources/,src/parent-resources.html,dist/parent-resources.html,general,https://senseisandy.com/parent-resources/,200,true,true,keep,,,Release 4 URL inventory
https://senseisandy.com/inclusion/,src/inclusion.html,dist/inclusion.html,general,https://senseisandy.com/inclusion/,200,true,true,keep,,,Release 4 URL inventory
https://senseisandy.com/samurai-break/,src/samurai-break.html,dist/samurai-break.html,general,https://senseisandy.com/samurai-break/,200,true,true,keep,,,Release 4 URL inventory
https://senseisandy.com/nervous-first-timers/,src/nervous-first-timers.html,dist/nervous-first-timers.html,general,https://senseisandy.com/nervous-first-timers/,200,true,true,keep,,,Release 4 URL inventory
https://senseisandy.com/cta-decision/,src/cta-decision.html,dist/cta-decision.html,general,https://senseisandy.com/cta-decision/,200,true,true,keep,,,Release 4 URL inventory
https://senseisandy.com/core-promise-short/,src/core-promise-short.html,dist/core-promise-short.html,general,https://senseisandy.com/core-promise-short/,200,true,true,keep,,,Release 4 URL inventory
https://senseisandy.com/jiu-jitsu-safety-tannersville-ny/,src/jiu-jitsu-safety-tannersville-ny.html,dist/jiu-jitsu-safety-tannersville-ny.html,general,https://senseisandy.com/jiu-jitsu-safety-tannersville-ny/,200,true,true,keep,,,Release 4 URL inventory
https://senseisandy.com/camp-clinics/,src/camp-clinics.html,dist/camp-clinics.html,general,https://senseisandy.com/camp-clinics/,200,true,true,keep,,,Release 4 URL inventory
https://senseisandy.com/programs/,src/programs.html,dist/programs.html,general,https://senseisandy.com/programs/,200,true,true,keep,,,Release 4 URL inventory
https://senseisandy.com/cta-hero/,src/cta-hero.html,dist/cta-hero.html,general,https://senseisandy.com/cta-hero/,200,true,true,keep,,,Release 4 URL inventory
https://senseisandy.com/success-stories/,src/success-stories.html,dist/success-stories.html,general,https://senseisandy.com/success-stories/,200,true,true,keep,,,Release 4 URL inventory
https://senseisandy.com/deer-mountain-inn/,src/deer-mountain-inn.html,dist/deer-mountain-inn.html,general,https://senseisandy.com/deer-mountain-inn/,200,true,true,keep,,,Release 4 URL inventory
https://senseisandy.com/bjj-anatomy-quiz/,src/bjj-anatomy-quiz.html,dist/bjj-anatomy-quiz.html,general,https://senseisandy.com/bjj-anatomy-quiz/,200,true,true,keep,,,Release 4 URL inventory
https://senseisandy.com/report-card/,src/report-card.html,dist/report-card.html,general,https://senseisandy.com/report-card/,200,true,true,keep,,,Release 4 URL inventory
https://senseisandy.com/friday-night-fanatics/,src/friday-night-fanatics.html,dist/friday-night-fanatics.html,general,https://senseisandy.com/friday-night-fanatics/,200,true,true,keep,,,Release 4 URL inventory
https://senseisandy.com/safety-promise/,src/safety-promise.html,dist/safety-promise.html,general,https://senseisandy.com/safety-promise/,200,true,true,keep,,,Release 4 URL inventory
https://senseisandy.com/summer-academy/,src/summer-academy.html,dist/summer-academy.html,general,https://senseisandy.com/summer-academy/,200,true,true,keep,,,Release 4 URL inventory
https://senseisandy.com/black-belt-concierge/,src/black-belt-concierge.html,dist/black-belt-concierge.html,general,https://senseisandy.com/black-belt-concierge/,200,true,true,keep,,,Release 4 URL inventory
https://senseisandy.com/options-pricing/,src/options-pricing.njk,dist/options-pricing.html,pricing,https://senseisandy.com/options-pricing/,200,true,true,keep,,,Release 4 URL inventory
https://senseisandy.com/sensei-jiu-jitsu/,src/sensei-jiu-jitsu.html,dist/sensei-jiu-jitsu.html,general,https://senseisandy.com/sensei-jiu-jitsu/,200,true,true,keep,,,Release 4 URL inventory
https://senseisandy.com/bjj-videos/,src/bjj-videos.html,dist/bjj-videos.html,general,https://senseisandy.com/bjj-videos/,200,true,true,keep,,,Release 4 URL inventory
https://senseisandy.com/after-booking-promise/,src/after-booking-promise.html,dist/after-booking-promise.html,general,https://senseisandy.com/after-booking-promise/,200,true,true,keep,,,Release 4 URL inventory
https://senseisandy.com/bring-a-friend/,src/bring-a-friend.html,dist/bring-a-friend.html,general,https://senseisandy.com/bring-a-friend/,200,true,true,keep,,,Release 4 URL inventory
https://senseisandy.com/private-lessons/,src/private-lessons.html,dist/private-lessons.html,general,https://senseisandy.com/private-lessons/,200,true,true,keep,,,Release 4 URL inventory
https://senseisandy.com/tactical-longevity/,src/tactical-longevity.html,dist/tactical-longevity.html,general,https://senseisandy.com/tactical-longevity/,200,true,true,keep,,,Release 4 URL inventory
https://senseisandy.com/footer-include-no-proof/,src/footer-include-no-proof.html,dist/footer-include-no-proof.html,general,https://senseisandy.com/footer-include-no-proof/,200,true,true,keep,,,Release 4 URL inventory
https://senseisandy.com/bully-proof-jiu-jitsu-tannersville-ny/,src/bully-proof-jiu-jitsu-tannersville-ny.html,dist/bully-proof-jiu-jitsu-tannersville-ny.html,general,https://senseisandy.com/bully-proof-jiu-jitsu-tannersville-ny/,200,true,true,keep,,,Release 4 URL inventory
https://senseisandy.com/videos/,src/videos.html,dist/videos.html,general,https://senseisandy.com/videos/,200,true,true,keep,,,Release 4 URL inventory
https://senseisandy.com/elite-concierge/,src/elite-concierge.html,dist/elite-concierge.html,general,https://senseisandy.com/elite-concierge/,200,true,true,keep,,,Release 4 URL inventory
https://senseisandy.com/sensei-bully/,src/sensei-bully.html,dist/sensei-bully.html,general,https://senseisandy.com/sensei-bully/,200,true,true,keep,,,Release 4 URL inventory
https://senseisandy.com/catskills-home-base/,src/catskills-home-base.html,dist/catskills-home-base.html,general,https://senseisandy.com/catskills-home-base/,200,true,true,keep,,,Release 4 URL inventory
https://senseisandy.com/my-promise-full/,src/my-promise-full.html,dist/my-promise-full.html,general,https://senseisandy.com/my-promise-full/,200,true,true,keep,,,Release 4 URL inventory
https://senseisandy.com/class-rules/,src/class-rules.html,dist/class-rules.html,general,https://senseisandy.com/class-rules/,200,true,true,keep,,,Release 4 URL inventory
https://senseisandy.com/pricing-module-fragment/,src/pricing-module-fragment.html,dist/pricing-module-fragment.html,general,https://senseisandy.com/pricing-module-fragment/,200,true,true,keep,,,Release 4 URL inventory
https://senseisandy.com/options-pricing/,src/options-pricing.html,dist/options-pricing.html,pricing,https://senseisandy.com/options-pricing/,200,true,true,keep,,,Release 4 URL inventory
https://senseisandy.com/bjj-stretches/,src/bjj-stretches.html,dist/bjj-stretches.html,general,https://senseisandy.com/bjj-stretches/,200,true,true,keep,,,Release 4 URL inventory
https://senseisandy.com/sensei-studio/,src/sensei-studio.html,dist/sensei-studio.html,general,https://senseisandy.com/sensei-studio/,200,true,true,keep,,,Release 4 URL inventory
https://senseisandy.com/scribners/,src/scribners.html,dist/scribners.html,general,https://senseisandy.com/scribners/,200,true,true,keep,,,Release 4 URL inventory
https://senseisandy.com/cta-row/,src/cta-row.html,dist/cta-row.html,general,https://senseisandy.com/cta-row/,200,true,true,keep,,,Release 4 URL inventory
https://senseisandy.com/birthday-parties/,src/birthday-parties.html,dist/birthday-parties.html,general,https://senseisandy.com/birthday-parties/,200,true,true,keep,,,Release 4 URL inventory
https://senseisandy.com/partners-hospitality-hunter-windham/,src/partners-hospitality-hunter-windham.html,dist/partners-hospitality-hunter-windham.html,general,https://senseisandy.com/partners-hospitality-hunter-windham/,200,true,true,keep,,,Release 4 URL inventory
https://senseisandy.com/site-shell/,src/site-shell.html,dist/site-shell.html,general,https://senseisandy.com/site-shell/,200,true,true,keep,,,Release 4 URL inventory
https://senseisandy.com/core-promise-full/,src/core-promise-full.html,dist/core-promise-full.html,general,https://senseisandy.com/core-promise-full/,200,true,true,keep,,,Release 4 URL inventory
https://senseisandy.com/reviews-village/,src/reviews-village.html,dist/reviews-village.html,general,https://senseisandy.com/reviews-village/,200,true,true,keep,,,Release 4 URL inventory
https://senseisandy.com/pricing-module/,src/pricing-module.html,dist/pricing-module.html,general,https://senseisandy.com/pricing-module/,200,true,true,keep,,,Release 4 URL inventory
https://senseisandy.com/my-promise-short/,src/my-promise-short.html,dist/my-promise-short.html,general,https://senseisandy.com/my-promise-short/,200,true,true,keep,,,Release 4 URL inventory
https://senseisandy.com/cta-primary/,src/cta-primary.html,dist/cta-primary.html,general,https://senseisandy.com/cta-primary/,200,true,true,keep,,,Release 4 URL inventory
https://senseisandy.com/bjj-faqs/,src/bjj-faqs.html,dist/bjj-faqs.html,general,https://senseisandy.com/bjj-faqs/,200,true,true,keep,,,Release 4 URL inventory
https://senseisandy.com/scribners-staff-reset-pass/,src/scribners-staff-reset-pass.html,dist/scribners-staff-reset-pass.html,general,https://senseisandy.com/scribners-staff-reset-pass/,200,true,true,keep,,,Release 4 URL inventory
https://senseisandy.com/cta-header/,src/cta-header.html,dist/cta-header.html,general,https://senseisandy.com/cta-header/,200,true,true,keep,,,Release 4 URL inventory
https://senseisandy.com/rural-bjj-catskills/,src/rural-bjj-catskills.html,dist/rural-bjj-catskills.html,general,https://senseisandy.com/rural-bjj-catskills/,200,true,true,keep,,,Release 4 URL inventory
https://senseisandy.com/,src/index.html,dist/index.html,homepage,https://senseisandy.com/,200,true,true,keep,,,Release 4 URL inventory
https://senseisandy.com/bjj_anatomy_game/,src/bjj_anatomy_game.html,dist/bjj_anatomy_game.html,general,https://senseisandy.com/bjj_anatomy_game/,200,true,true,keep,,,Release 4 URL inventory
https://senseisandy.com/summer-jiu-jitsu-tannersville/,src/summer-jiu-jitsu-tannersville.html,dist/summer-jiu-jitsu-tannersville.html,general,https://senseisandy.com/summer-jiu-jitsu-tannersville/,200,true,true,keep,,,Release 4 URL inventory
https://senseisandy.com/student-hub/,src/student-hub.html,dist/student-hub.html,general,https://senseisandy.com/student-hub/,200,true,true,keep,,,Release 4 URL inventory
https://senseisandy.com/holiday-schedule/,src/holiday-schedule.html,dist/holiday-schedule.html,general,https://senseisandy.com/holiday-schedule/,200,true,true,keep,,,Release 4 URL inventory
https://senseisandy.com/cta-footer/,src/cta-footer.html,dist/cta-footer.html,general,https://senseisandy.com/cta-footer/,200,true,true,keep,,,Release 4 URL inventory
https://senseisandy.com/footer-partner/,src/footer-partner.html,dist/footer-partner.html,general,https://senseisandy.com/footer-partner/,200,true,true,keep,,,Release 4 URL inventory
https://senseisandy.com/partners-wellness-pt-referrals/,src/partners-wellness-pt-referrals.html,dist/partners-wellness-pt-referrals.html,general,https://senseisandy.com/partners-wellness-pt-referrals/,200,true,true,keep,,,Release 4 URL inventory
https://senseisandy.com/local-bjj-tournaments-for-parents/,src/local-bjj-tournaments-for-parents.html,dist/local-bjj-tournaments-for-parents.html,general,https://senseisandy.com/local-bjj-tournaments-for-parents/,200,true,true,keep,,,Release 4 URL inventory
https://senseisandy.com/school-families-jiu-jitsu/,src/school-families-jiu-jitsu.html,dist/school-families-jiu-jitsu.html,general,https://senseisandy.com/school-families-jiu-jitsu/,200,true,true,keep,,,Release 4 URL inventory
https://senseisandy.com/nearby-towns/,src/nearby-towns.html,dist/nearby-towns.html,general,https://senseisandy.com/nearby-towns/,200,true,true,keep,,,Release 4 URL inventory
https://senseisandy.com/annual-track/,src/annual-track.html,dist/annual-track.html,general,https://senseisandy.com/annual-track/,200,true,true,keep,,,Release 4 URL inventory
https://senseisandy.com/community-partners/,src/community-partners.html,dist/community-partners.html,general,https://senseisandy.com/community-partners/,200,true,true,keep,,,Release 4 URL inventory
https://senseisandy.com/scribners-jiu-jitsu/,src/scribners-jiu-jitsu.html,dist/scribners-jiu-jitsu.html,general,https://senseisandy.com/scribners-jiu-jitsu/,200,true,true,keep,,,Release 4 URL inventory
https://senseisandy.com/lane-picker/,src/lane-picker.html,dist/lane-picker.html,general,https://senseisandy.com/lane-picker/,200,true,true,keep,,,Release 4 URL inventory
https://senseisandy.com/waiver/,src/waiver.html,dist/waiver.html,general,https://senseisandy.com/waiver/,200,true,true,keep,,,Release 4 URL inventory
https://senseisandy.com/guarantee-terms/,src/guarantee-terms.html,dist/guarantee-terms.html,general,https://senseisandy.com/guarantee-terms/,200,true,true,keep,,,Release 4 URL inventory
https://senseisandy.com/bio/,src/bio.html,dist/bio.html,general,https://senseisandy.com/bio/,200,true,true,keep,,,Release 4 URL inventory
https://senseisandy.com/schedule/,src/schedule.html,dist/schedule.html,schedule,https://senseisandy.com/schedule/,200,true,true,keep,,,Release 4 URL inventory
https://senseisandy.com/phoenicia-diner/,src/phoenicia-diner.html,dist/phoenicia-diner.html,general,https://senseisandy.com/phoenicia-diner/,200,true,true,keep,,,Release 4 URL inventory
https://senseisandy.com/contact/,src/contact.html,dist/contact.html,general,https://senseisandy.com/contact/,200,true,true,keep,,,Release 4 URL inventory
https://senseisandy.com/scribners-thank-you/,src/scribners-thank-you.html,dist/scribners-thank-you.html,general,https://senseisandy.com/scribners-thank-you/,200,true,true,keep,,,Release 4 URL inventory
https://senseisandy.com/show-up-kit/,src/show-up-kit.html,dist/show-up-kit.html,general,https://senseisandy.com/show-up-kit/,200,true,true,keep,,,Release 4 URL inventory
https://senseisandy.com/how-class-works/,src/how-class-works.html,dist/how-class-works.html,general,https://senseisandy.com/how-class-works/,200,true,true,keep,,,Release 4 URL inventory
https://senseisandy.com/bjj-tannersville-ny-directions/,src/bjj-tannersville-ny-directions.html,dist/bjj-tannersville-ny-directions.html,general,https://senseisandy.com/bjj-tannersville-ny-directions/,200,true,true,keep,,,Release 4 URL inventory
https://senseisandy.com/after-school/,src/after-school.html,dist/after-school.html,general,https://senseisandy.com/after-school/,200,true,true,keep,,,Release 4 URL inventory
https://senseisandy.com/core-culture-parent-guide/,src/core-culture-parent-guide.html,dist/core-culture-parent-guide.html,general,https://senseisandy.com/core-culture-parent-guide/,200,true,true,keep,,,Release 4 URL inventory
https://senseisandy.com/clean/,src/clean.html,dist/clean.html,general,https://senseisandy.com/clean/,200,true,true,keep,,,Release 4 URL inventory
https://senseisandy.com/law-enforcement-bjj/,src/law-enforcement-bjj.html,dist/law-enforcement-bjj.html,general,https://senseisandy.com/law-enforcement-bjj/,200,true,true,keep,,,Release 4 URL inventory
https://senseisandy.com/near/template/,src/near/template.html,dist/near/template.html,general,https://senseisandy.com/near/template/,200,true,true,keep,,,Release 4 URL inventory
https://senseisandy.com/near/hunter-ny/,src/near/hunter-ny/index.html,dist/near/hunter-ny/index.html,general,https://senseisandy.com/near/hunter-ny/,200,true,true,keep,,,Release 4 URL inventory
https://senseisandy.com/near/haines-falls-ny/,src/near/haines-falls-ny/index.html,dist/near/haines-falls-ny/index.html,general,https://senseisandy.com/near/haines-falls-ny/,200,true,true,keep,,,Release 4 URL inventory
https://senseisandy.com/near/cairo-ny/,src/near/cairo-ny/index.html,dist/near/cairo-ny/index.html,general,https://senseisandy.com/near/cairo-ny/,200,true,true,keep,,,Release 4 URL inventory
https://senseisandy.com/near/windham-ny/,src/near/windham-ny/index.html,dist/near/windham-ny/index.html,general,https://senseisandy.com/near/windham-ny/,200,true,true,keep,,,Release 4 URL inventory
https://senseisandy.com/near/catskill-ny/,src/near/catskill-ny/index.html,dist/near/catskill-ny/index.html,general,https://senseisandy.com/near/catskill-ny/,200,true,true,keep,,,Release 4 URL inventory
https://senseisandy.com/near/palenville-ny/,src/near/palenville-ny/index.html,dist/near/palenville-ny/index.html,general,https://senseisandy.com/near/palenville-ny/,200,true,true,keep,,,Release 4 URL inventory
https://senseisandy.com/frames/,src/frames/index.html,dist/frames/index.html,general,https://senseisandy.com/frames/,200,true,true,keep,,,Release 4 URL inventory
https://senseisandy.com/front-headlock-series/,src/front-headlock-series/index.html,dist/front-headlock-series/index.html,general,https://senseisandy.com/front-headlock-series/,200,true,true,keep,,,Release 4 URL inventory
https://senseisandy.com/drilling/,src/drilling/index.html,dist/drilling/index.html,general,https://senseisandy.com/drilling/,200,true,true,keep,,,Release 4 URL inventory
https://senseisandy.com/bjj-glossary/,src/bjj-glossary/index.html,dist/bjj-glossary/index.html,general,https://senseisandy.com/bjj-glossary/,200,true,true,keep,,,Release 4 URL inventory
https://senseisandy.com/bjj-glossary/kimura/,src/bjj-glossary/kimura/index.html,dist/bjj-glossary/kimura/index.html,general,https://senseisandy.com/bjj-glossary/kimura/,200,true,true,keep,,,Release 4 URL inventory
https://senseisandy.com/bjj-glossary/pressure/,src/bjj-glossary/pressure/index.html,dist/bjj-glossary/pressure/index.html,general,https://senseisandy.com/bjj-glossary/pressure/,200,true,true,keep,,,Release 4 URL inventory
https://senseisandy.com/bjj-glossary/butterfly-guard/,src/bjj-glossary/butterfly-guard/index.html,dist/bjj-glossary/butterfly-guard/index.html,general,https://senseisandy.com/bjj-glossary/butterfly-guard/,200,true,true,keep,,,Release 4 URL inventory
https://senseisandy.com/bjj-glossary/double-leg/,src/bjj-glossary/double-leg/index.html,dist/bjj-glossary/double-leg/index.html,general,https://senseisandy.com/bjj-glossary/double-leg/,200,true,true,keep,,,Release 4 URL inventory
https://senseisandy.com/bjj-glossary/posture-recovery/,src/bjj-glossary/posture-recovery/index.html,dist/bjj-glossary/posture-recovery/index.html,general,https://senseisandy.com/bjj-glossary/posture-recovery/,200,true,true,keep,,,Release 4 URL inventory
https://senseisandy.com/bjj-glossary/sprawl/,src/bjj-glossary/sprawl/index.html,dist/bjj-glossary/sprawl/index.html,general,https://senseisandy.com/bjj-glossary/sprawl/,200,true,true,keep,,,Release 4 URL inventory
https://senseisandy.com/bjj-glossary/frames/,src/bjj-glossary/frames/index.html,dist/bjj-glossary/frames/index.html,general,https://senseisandy.com/bjj-glossary/frames/,200,true,true,keep,,,Release 4 URL inventory
https://senseisandy.com/bjj-glossary/whizzer-defense/,src/bjj-glossary/whizzer-defense/index.html,dist/bjj-glossary/whizzer-defense/index.html,general,https://senseisandy.com/bjj-glossary/whizzer-defense/,200,true,true,keep,,,Release 4 URL inventory
https://senseisandy.com/bjj-glossary/no-gi/,src/bjj-glossary/no-gi/index.html,dist/bjj-glossary/no-gi/index.html,general,https://senseisandy.com/bjj-glossary/no-gi/,200,true,true,keep,,,Release 4 URL inventory
https://senseisandy.com/bjj-glossary/go-behind-defense/,src/bjj-glossary/go-behind-defense/index.html,dist/bjj-glossary/go-behind-defense/index.html,general,https://senseisandy.com/bjj-glossary/go-behind-defense/,200,true,true,keep,,,Release 4 URL inventory
https://senseisandy.com/bjj-glossary/body-lock-pass/,src/bjj-glossary/body-lock-pass/index.html,dist/bjj-glossary/body-lock-pass/index.html,general,https://senseisandy.com/bjj-glossary/body-lock-pass/,200,true,true,keep,,,Release 4 URL inventory
https://senseisandy.com/bjj-glossary/outside-trip/,src/bjj-glossary/outside-trip/index.html,dist/bjj-glossary/outside-trip/index.html,general,https://senseisandy.com/bjj-glossary/outside-trip/,200,true,true,keep,,,Release 4 URL inventory
https://senseisandy.com/bjj-glossary/single-leg/,src/bjj-glossary/single-leg/index.html,dist/bjj-glossary/single-leg/index.html,general,https://senseisandy.com/bjj-glossary/single-leg/,200,true,true,keep,,,Release 4 URL inventory
https://senseisandy.com/bjj-glossary/posture/,src/bjj-glossary/posture/index.html,dist/bjj-glossary/posture/index.html,general,https://senseisandy.com/bjj-glossary/posture/,200,true,true,keep,,,Release 4 URL inventory
https://senseisandy.com/bjj-glossary/crossface-pressure/,src/bjj-glossary/crossface-pressure/index.html,dist/bjj-glossary/crossface-pressure/index.html,general,https://senseisandy.com/bjj-glossary/crossface-pressure/,200,true,true,keep,,,Release 4 URL inventory
https://senseisandy.com/bjj-glossary/leg-entanglement/,src/bjj-glossary/leg-entanglement/index.html,dist/bjj-glossary/leg-entanglement/index.html,general,https://senseisandy.com/bjj-glossary/leg-entanglement/,200,true,true,keep,,,Release 4 URL inventory
https://senseisandy.com/bjj-glossary/open-guard/,src/bjj-glossary/open-guard/index.html,dist/bjj-glossary/open-guard/index.html,general,https://senseisandy.com/bjj-glossary/open-guard/,200,true,true,keep,,,Release 4 URL inventory
https://senseisandy.com/bjj-glossary/double-leg-defense/,src/bjj-glossary/double-leg-defense/index.html,dist/bjj-glossary/double-leg-defense/index.html,general,https://senseisandy.com/bjj-glossary/double-leg-defense/,200,true,true,keep,,,Release 4 URL inventory
https://senseisandy.com/bjj-glossary/front-headlock-series/,src/bjj-glossary/front-headlock-series/index.html,dist/bjj-glossary/front-headlock-series/index.html,general,https://senseisandy.com/bjj-glossary/front-headlock-series/,200,true,true,keep,,,Release 4 URL inventory
https://senseisandy.com/bjj-glossary/ankle-lock/,src/bjj-glossary/ankle-lock/index.html,dist/bjj-glossary/ankle-lock/index.html,general,https://senseisandy.com/bjj-glossary/ankle-lock/,200,true,true,keep,,,Release 4 URL inventory
https://senseisandy.com/bjj-glossary/guard-pass/,src/bjj-glossary/guard-pass/index.html,dist/bjj-glossary/guard-pass/index.html,general,https://senseisandy.com/bjj-glossary/guard-pass/,200,true,true,keep,,,Release 4 URL inventory
https://senseisandy.com/bjj-glossary/posture-break/,src/bjj-glossary/posture-break/index.html,dist/bjj-glossary/posture-break/index.html,general,https://senseisandy.com/bjj-glossary/posture-break/,200,true,true,keep,,,Release 4 URL inventory
https://senseisandy.com/bjj-glossary/body-lock/,src/bjj-glossary/body-lock/index.html,dist/bjj-glossary/body-lock/index.html,general,https://senseisandy.com/bjj-glossary/body-lock/,200,true,true,keep,,,Release 4 URL inventory
https://senseisandy.com/bjj-glossary/guard-pull/,src/bjj-glossary/guard-pull/index.html,dist/bjj-glossary/guard-pull/index.html,general,https://senseisandy.com/bjj-glossary/guard-pull/,200,true,true,keep,,,Release 4 URL inventory
https://senseisandy.com/bjj-glossary/crossface/,src/bjj-glossary/crossface/index.html,dist/bjj-glossary/crossface/index.html,general,https://senseisandy.com/bjj-glossary/crossface/,200,true,true,keep,,,Release 4 URL inventory
https://senseisandy.com/bjj-glossary/drilling/,src/bjj-glossary/drilling/index.html,dist/bjj-glossary/drilling/index.html,general,https://senseisandy.com/bjj-glossary/drilling/,200,true,true,keep,,,Release 4 URL inventory
https://senseisandy.com/bjj-glossary/guard-retention/,src/bjj-glossary/guard-retention/index.html,dist/bjj-glossary/guard-retention/index.html,general,https://senseisandy.com/bjj-glossary/guard-retention/,200,true,true,keep,,,Release 4 URL inventory
https://senseisandy.com/bjj-glossary/armbar/,src/bjj-glossary/armbar/index.html,dist/bjj-glossary/armbar/index.html,general,https://senseisandy.com/bjj-glossary/armbar/,200,true,true,keep,,,Release 4 URL inventory
https://senseisandy.com/bjj-glossary/bully-proof/,src/bjj-glossary/bully-proof/index.html,dist/bjj-glossary/bully-proof/index.html,general,https://senseisandy.com/bjj-glossary/bully-proof/,200,true,true,keep,,,Release 4 URL inventory
https://senseisandy.com/bjj-glossary/roll/,src/bjj-glossary/roll/index.html,dist/bjj-glossary/roll/index.html,general,https://senseisandy.com/bjj-glossary/roll/,200,true,true,keep,,,Release 4 URL inventory
https://senseisandy.com/bjj-glossary/closed-guard-break/,src/bjj-glossary/closed-guard-break/index.html,dist/bjj-glossary/closed-guard-break/index.html,general,https://senseisandy.com/bjj-glossary/closed-guard-break/,200,true,true,keep,,,Release 4 URL inventory
https://senseisandy.com/bjj-glossary/top-ride/,src/bjj-glossary/top-ride/index.html,dist/bjj-glossary/top-ride/index.html,general,https://senseisandy.com/bjj-glossary/top-ride/,200,true,true,keep,,,Release 4 URL inventory
https://senseisandy.com/bjj-glossary/collar-tie/,src/bjj-glossary/collar-tie/index.html,dist/bjj-glossary/collar-tie/index.html,general,https://senseisandy.com/bjj-glossary/collar-tie/,200,true,true,keep,,,Release 4 URL inventory
https://senseisandy.com/bjj-glossary/seatbelt/,src/bjj-glossary/seatbelt/index.html,dist/bjj-glossary/seatbelt/index.html,general,https://senseisandy.com/bjj-glossary/seatbelt/,200,true,true,keep,,,Release 4 URL inventory
https://senseisandy.com/bjj-glossary/head-line/,src/bjj-glossary/head-line/index.html,dist/bjj-glossary/head-line/index.html,general,https://senseisandy.com/bjj-glossary/head-line/,200,true,true,keep,,,Release 4 URL inventory
https://senseisandy.com/bjj-glossary/wrist-control/,src/bjj-glossary/wrist-control/index.html,dist/bjj-glossary/wrist-control/index.html,general,https://senseisandy.com/bjj-glossary/wrist-control/,200,true,true,keep,,,Release 4 URL inventory
https://senseisandy.com/bjj-glossary/shoulder-pressure/,src/bjj-glossary/shoulder-pressure/index.html,dist/bjj-glossary/shoulder-pressure/index.html,general,https://senseisandy.com/bjj-glossary/shoulder-pressure/,200,true,true,keep,,,Release 4 URL inventory
https://senseisandy.com/bjj-glossary/closed-guard/,src/bjj-glossary/closed-guard/index.html,dist/bjj-glossary/closed-guard/index.html,general,https://senseisandy.com/bjj-glossary/closed-guard/,200,true,true,keep,,,Release 4 URL inventory
https://senseisandy.com/bjj-glossary/heavy-hips/,src/bjj-glossary/heavy-hips/index.html,dist/bjj-glossary/heavy-hips/index.html,general,https://senseisandy.com/bjj-glossary/heavy-hips/,200,true,true,keep,,,Release 4 URL inventory
https://senseisandy.com/bjj-glossary/seated-guard/,src/bjj-glossary/seated-guard/index.html,dist/bjj-glossary/seated-guard/index.html,general,https://senseisandy.com/bjj-glossary/seated-guard/,200,true,true,keep,,,Release 4 URL inventory
https://senseisandy.com/bjj-glossary/takedown-defense/,src/bjj-glossary/takedown-defense/index.html,dist/bjj-glossary/takedown-defense/index.html,general,https://senseisandy.com/bjj-glossary/takedown-defense/,200,true,true,keep,,,Release 4 URL inventory
https://senseisandy.com/bjj-glossary/choke/,src/bjj-glossary/choke/index.html,dist/bjj-glossary/choke/index.html,general,https://senseisandy.com/bjj-glossary/choke/,200,true,true,keep,,,Release 4 URL inventory
https://senseisandy.com/bjj-glossary/granby-roll/,src/bjj-glossary/granby-roll/index.html,dist/bjj-glossary/granby-roll/index.html,general,https://senseisandy.com/bjj-glossary/granby-roll/,200,true,true,keep,,,Release 4 URL inventory
https://senseisandy.com/bjj-glossary/z-guard/,src/bjj-glossary/z-guard/index.html,dist/bjj-glossary/z-guard/index.html,general,https://senseisandy.com/bjj-glossary/z-guard/,200,true,true,keep,,,Release 4 URL inventory
https://senseisandy.com/bjj-glossary/level-change/,src/bjj-glossary/level-change/index.html,dist/bjj-glossary/level-change/index.html,general,https://senseisandy.com/bjj-glossary/level-change/,200,true,true,keep,,,Release 4 URL inventory
https://senseisandy.com/bjj-glossary/pin/,src/bjj-glossary/pin/index.html,dist/bjj-glossary/pin/index.html,general,https://senseisandy.com/bjj-glossary/pin/,200,true,true,keep,,,Release 4 URL inventory
https://senseisandy.com/bjj-glossary/top-position/,src/bjj-glossary/top-position/index.html,dist/bjj-glossary/top-position/index.html,general,https://senseisandy.com/bjj-glossary/top-position/,200,true,true,keep,,,Release 4 URL inventory
https://senseisandy.com/bjj-glossary/torreando-defense/,src/bjj-glossary/torreando-defense/index.html,dist/bjj-glossary/torreando-defense/index.html,general,https://senseisandy.com/bjj-glossary/torreando-defense/,200,true,true,keep,,,Release 4 URL inventory
https://senseisandy.com/bjj-glossary/neutral-position/,src/bjj-glossary/neutral-position/index.html,dist/bjj-glossary/neutral-position/index.html,general,https://senseisandy.com/bjj-glossary/neutral-position/,200,true,true,keep,,,Release 4 URL inventory
https://senseisandy.com/bjj-glossary/side-control/,src/bjj-glossary/side-control/index.html,dist/bjj-glossary/side-control/index.html,general,https://senseisandy.com/bjj-glossary/side-control/,200,true,true,keep,,,Release 4 URL inventory
https://senseisandy.com/bjj-glossary/seatbelt-escape/,src/bjj-glossary/seatbelt-escape/index.html,dist/bjj-glossary/seatbelt-escape/index.html,general,https://senseisandy.com/bjj-glossary/seatbelt-escape/,200,true,true,keep,,,Release 4 URL inventory
https://senseisandy.com/bjj-glossary/torreando/,src/bjj-glossary/torreando/index.html,dist/bjj-glossary/torreando/index.html,general,https://senseisandy.com/bjj-glossary/torreando/,200,true,true,keep,,,Release 4 URL inventory
https://senseisandy.com/bjj-glossary/de-la-riva/,src/bjj-glossary/de-la-riva/index.html,dist/bjj-glossary/de-la-riva/index.html,general,https://senseisandy.com/bjj-glossary/de-la-riva/,200,true,true,keep,,,Release 4 URL inventory
https://senseisandy.com/bjj-glossary/sprawl-defense/,src/bjj-glossary/sprawl-defense/index.html,dist/bjj-glossary/sprawl-defense/index.html,general,https://senseisandy.com/bjj-glossary/sprawl-defense/,200,true,true,keep,,,Release 4 URL inventory
https://senseisandy.com/bjj-glossary/position/,src/bjj-glossary/position/index.html,dist/bjj-glossary/position/index.html,general,https://senseisandy.com/bjj-glossary/position/,200,true,true,keep,,,Release 4 URL inventory
https://senseisandy.com/bjj-glossary/frame-recovery/,src/bjj-glossary/frame-recovery/index.html,dist/bjj-glossary/frame-recovery/index.html,general,https://senseisandy.com/bjj-glossary/frame-recovery/,200,true,true,keep,,,Release 4 URL inventory
https://senseisandy.com/bjj-glossary/pummel/,src/bjj-glossary/pummel/index.html,dist/bjj-glossary/pummel/index.html,general,https://senseisandy.com/bjj-glossary/pummel/,200,true,true,keep,,,Release 4 URL inventory
https://senseisandy.com/bjj-glossary/back-control/,src/bjj-glossary/back-control/index.html,dist/bjj-glossary/back-control/index.html,general,https://senseisandy.com/bjj-glossary/back-control/,200,true,true,keep,,,Release 4 URL inventory
https://senseisandy.com/bjj-glossary/hip-heist/,src/bjj-glossary/hip-heist/index.html,dist/bjj-glossary/hip-heist/index.html,general,https://senseisandy.com/bjj-glossary/hip-heist/,200,true,true,keep,,,Release 4 URL inventory
https://senseisandy.com/bjj-glossary/inside-trip/,src/bjj-glossary/inside-trip/index.html,dist/bjj-glossary/inside-trip/index.html,general,https://senseisandy.com/bjj-glossary/inside-trip/,200,true,true,keep,,,Release 4 URL inventory
https://senseisandy.com/bjj-glossary/sleeve-grip/,src/bjj-glossary/sleeve-grip/index.html,dist/bjj-glossary/sleeve-grip/index.html,general,https://senseisandy.com/bjj-glossary/sleeve-grip/,200,true,true,keep,,,Release 4 URL inventory
https://senseisandy.com/bjj-glossary/tap/,src/bjj-glossary/tap/index.html,dist/bjj-glossary/tap/index.html,general,https://senseisandy.com/bjj-glossary/tap/,200,true,true,keep,,,Release 4 URL inventory
https://senseisandy.com/bjj-glossary/hip-escape/,src/bjj-glossary/hip-escape/index.html,dist/bjj-glossary/hip-escape/index.html,general,https://senseisandy.com/bjj-glossary/hip-escape/,200,true,true,keep,,,Release 4 URL inventory
https://senseisandy.com/bjj-glossary/submission/,src/bjj-glossary/submission/index.html,dist/bjj-glossary/submission/index.html,general,https://senseisandy.com/bjj-glossary/submission/,200,true,true,keep,,,Release 4 URL inventory
https://senseisandy.com/bjj-glossary/snap-down-defense/,src/bjj-glossary/snap-down-defense/index.html,dist/bjj-glossary/snap-down-defense/index.html,general,https://senseisandy.com/bjj-glossary/snap-down-defense/,200,true,true,keep,,,Release 4 URL inventory
https://senseisandy.com/bjj-glossary/knee-line/,src/bjj-glossary/knee-line/index.html,dist/bjj-glossary/knee-line/index.html,general,https://senseisandy.com/bjj-glossary/knee-line/,200,true,true,keep,,,Release 4 URL inventory
https://senseisandy.com/bjj-glossary/x-guard/,src/bjj-glossary/x-guard/index.html,dist/bjj-glossary/x-guard/index.html,general,https://senseisandy.com/bjj-glossary/x-guard/,200,true,true,keep,,,Release 4 URL inventory
https://senseisandy.com/bjj-glossary/gi/,src/bjj-glossary/gi/index.html,dist/bjj-glossary/gi/index.html,general,https://senseisandy.com/bjj-glossary/gi/,200,true,true,keep,,,Release 4 URL inventory
https://senseisandy.com/bjj-glossary/knee-shield/,src/bjj-glossary/knee-shield/index.html,dist/bjj-glossary/knee-shield/index.html,general,https://senseisandy.com/bjj-glossary/knee-shield/,200,true,true,keep,,,Release 4 URL inventory
https://senseisandy.com/bjj-glossary/front-headlock-escape/,src/bjj-glossary/front-headlock-escape/index.html,dist/bjj-glossary/front-headlock-escape/index.html,general,https://senseisandy.com/bjj-glossary/front-headlock-escape/,200,true,true,keep,,,Release 4 URL inventory
https://senseisandy.com/bjj-glossary/clinch/,src/bjj-glossary/clinch/index.html,dist/bjj-glossary/clinch/index.html,general,https://senseisandy.com/bjj-glossary/clinch/,200,true,true,keep,,,Release 4 URL inventory
https://senseisandy.com/bjj-glossary/sickle-sweep/,src/bjj-glossary/sickle-sweep/index.html,dist/bjj-glossary/sickle-sweep/index.html,general,https://senseisandy.com/bjj-glossary/sickle-sweep/,200,true,true,keep,,,Release 4 URL inventory
https://senseisandy.com/bjj-glossary/transition/,src/bjj-glossary/transition/index.html,dist/bjj-glossary/transition/index.html,general,https://senseisandy.com/bjj-glossary/transition/,200,true,true,keep,,,Release 4 URL inventory
https://senseisandy.com/bjj-glossary/beginner-lane/,src/bjj-glossary/beginner-lane/index.html,dist/bjj-glossary/beginner-lane/index.html,general,https://senseisandy.com/bjj-glossary/beginner-lane/,200,true,true,keep,,,Release 4 URL inventory
https://senseisandy.com/bjj-glossary/north-south/,src/bjj-glossary/north-south/index.html,dist/bjj-glossary/north-south/index.html,general,https://senseisandy.com/bjj-glossary/north-south/,200,true,true,keep,,,Release 4 URL inventory
https://senseisandy.com/bjj-glossary/back-take/,src/bjj-glossary/back-take/index.html,dist/bjj-glossary/back-take/index.html,general,https://senseisandy.com/bjj-glossary/back-take/,200,true,true,keep,,,Release 4 URL inventory
https://senseisandy.com/bjj-glossary/tripod-sweep/,src/bjj-glossary/tripod-sweep/index.html,dist/bjj-glossary/tripod-sweep/index.html,general,https://senseisandy.com/bjj-glossary/tripod-sweep/,200,true,true,keep,,,Release 4 URL inventory
https://senseisandy.com/bjj-glossary/hooks/,src/bjj-glossary/hooks/index.html,dist/bjj-glossary/hooks/index.html,general,https://senseisandy.com/bjj-glossary/hooks/,200,true,true,keep,,,Release 4 URL inventory
https://senseisandy.com/bjj-glossary/technical-stand-up/,src/bjj-glossary/technical-stand-up/index.html,dist/bjj-glossary/technical-stand-up/index.html,general,https://senseisandy.com/bjj-glossary/technical-stand-up/,200,true,true,keep,,,Release 4 URL inventory
https://senseisandy.com/bjj-glossary/windshield-wiper/,src/bjj-glossary/windshield-wiper/index.html,dist/bjj-glossary/windshield-wiper/index.html,general,https://senseisandy.com/bjj-glossary/windshield-wiper/,200,true,true,keep,,,Release 4 URL inventory
https://senseisandy.com/bjj-glossary/triangle/,src/bjj-glossary/triangle/index.html,dist/bjj-glossary/triangle/index.html,general,https://senseisandy.com/bjj-glossary/triangle/,200,true,true,keep,,,Release 4 URL inventory
https://senseisandy.com/bjj-glossary/sweep-single/,src/bjj-glossary/sweep-single/index.html,dist/bjj-glossary/sweep-single/index.html,general,https://senseisandy.com/bjj-glossary/sweep-single/,200,true,true,keep,,,Release 4 URL inventory
https://senseisandy.com/bjj-glossary/flower-sweep/,src/bjj-glossary/flower-sweep/index.html,dist/bjj-glossary/flower-sweep/index.html,general,https://senseisandy.com/bjj-glossary/flower-sweep/,200,true,true,keep,,,Release 4 URL inventory
https://senseisandy.com/bjj-glossary/re-guard/,src/bjj-glossary/re-guard/index.html,dist/bjj-glossary/re-guard/index.html,general,https://senseisandy.com/bjj-glossary/re-guard/,200,true,true,keep,,,Release 4 URL inventory
https://senseisandy.com/bjj-glossary/chest-to-chest/,src/bjj-glossary/chest-to-chest/index.html,dist/bjj-glossary/chest-to-chest/index.html,general,https://senseisandy.com/bjj-glossary/chest-to-chest/,200,true,true,keep,,,Release 4 URL inventory
https://senseisandy.com/bjj-glossary/reverse-de-la-riva/,src/bjj-glossary/reverse-de-la-riva/index.html,dist/bjj-glossary/reverse-de-la-riva/index.html,general,https://senseisandy.com/bjj-glossary/reverse-de-la-riva/,200,true,true,keep,,,Release 4 URL inventory
https://senseisandy.com/bjj-glossary/overhook/,src/bjj-glossary/overhook/index.html,dist/bjj-glossary/overhook/index.html,general,https://senseisandy.com/bjj-glossary/overhook/,200,true,true,keep,,,Release 4 URL inventory
https://senseisandy.com/bjj-glossary/guard-recovery/,src/bjj-glossary/guard-recovery/index.html,dist/bjj-glossary/guard-recovery/index.html,general,https://senseisandy.com/bjj-glossary/guard-recovery/,200,true,true,keep,,,Release 4 URL inventory
https://senseisandy.com/bjj-glossary/penetration-step/,src/bjj-glossary/penetration-step/index.html,dist/bjj-glossary/penetration-step/index.html,general,https://senseisandy.com/bjj-glossary/penetration-step/,200,true,true,keep,,,Release 4 URL inventory
https://senseisandy.com/bjj-glossary/rear-naked-choke/,src/bjj-glossary/rear-naked-choke/index.html,dist/bjj-glossary/rear-naked-choke/index.html,general,https://senseisandy.com/bjj-glossary/rear-naked-choke/,200,true,true,keep,,,Release 4 URL inventory
https://senseisandy.com/bjj-glossary/takedown/,src/bjj-glossary/takedown/index.html,dist/bjj-glossary/takedown/index.html,general,https://senseisandy.com/bjj-glossary/takedown/,200,true,true,keep,,,Release 4 URL inventory
https://senseisandy.com/bjj-glossary/front-headlock/,src/bjj-glossary/front-headlock/index.html,dist/bjj-glossary/front-headlock/index.html,general,https://senseisandy.com/bjj-glossary/front-headlock/,200,true,true,keep,,,Release 4 URL inventory
https://senseisandy.com/bjj-glossary/open-mat/,src/bjj-glossary/open-mat/index.html,dist/bjj-glossary/open-mat/index.html,general,https://senseisandy.com/bjj-glossary/open-mat/,200,true,true,keep,,,Release 4 URL inventory
https://senseisandy.com/bjj-glossary/shrimp/,src/bjj-glossary/shrimp/index.html,dist/bjj-glossary/shrimp/index.html,general,https://senseisandy.com/bjj-glossary/shrimp/,200,true,true,keep,,,Release 4 URL inventory
https://senseisandy.com/bjj-glossary/single-leg-defense/,src/bjj-glossary/single-leg-defense/index.html,dist/bjj-glossary/single-leg-defense/index.html,general,https://senseisandy.com/bjj-glossary/single-leg-defense/,200,true,true,keep,,,Release 4 URL inventory
https://senseisandy.com/bjj-glossary/lapel-grip/,src/bjj-glossary/lapel-grip/index.html,dist/bjj-glossary/lapel-grip/index.html,general,https://senseisandy.com/bjj-glossary/lapel-grip/,200,true,true,keep,,,Release 4 URL inventory
https://senseisandy.com/bjj-glossary/cross-collar-choke/,src/bjj-glossary/cross-collar-choke/index.html,dist/bjj-glossary/cross-collar-choke/index.html,general,https://senseisandy.com/bjj-glossary/cross-collar-choke/,200,true,true,keep,,,Release 4 URL inventory
https://senseisandy.com/bjj-glossary/inside-tie/,src/bjj-glossary/inside-tie/index.html,dist/bjj-glossary/inside-tie/index.html,general,https://senseisandy.com/bjj-glossary/inside-tie/,200,true,true,keep,,,Release 4 URL inventory
https://senseisandy.com/bjj-glossary/head-position/,src/bjj-glossary/head-position/index.html,dist/bjj-glossary/head-position/index.html,general,https://senseisandy.com/bjj-glossary/head-position/,200,true,true,keep,,,Release 4 URL inventory
https://senseisandy.com/bjj-glossary/elbow-knee-escape/,src/bjj-glossary/elbow-knee-escape/index.html,dist/bjj-glossary/elbow-knee-escape/index.html,general,https://senseisandy.com/bjj-glossary/elbow-knee-escape/,200,true,true,keep,,,Release 4 URL inventory
https://senseisandy.com/bjj-glossary/grip/,src/bjj-glossary/grip/index.html,dist/bjj-glossary/grip/index.html,general,https://senseisandy.com/bjj-glossary/grip/,200,true,true,keep,,,Release 4 URL inventory
https://senseisandy.com/bjj-glossary/quarter-guard/,src/bjj-glossary/quarter-guard/index.html,dist/bjj-glossary/quarter-guard/index.html,general,https://senseisandy.com/bjj-glossary/quarter-guard/,200,true,true,keep,,,Release 4 URL inventory
https://senseisandy.com/bjj-glossary/pin-escape/,src/bjj-glossary/pin-escape/index.html,dist/bjj-glossary/pin-escape/index.html,general,https://senseisandy.com/bjj-glossary/pin-escape/,200,true,true,keep,,,Release 4 URL inventory
https://senseisandy.com/bjj-glossary/long-step/,src/bjj-glossary/long-step/index.html,dist/bjj-glossary/long-step/index.html,general,https://senseisandy.com/bjj-glossary/long-step/,200,true,true,keep,,,Release 4 URL inventory
https://senseisandy.com/bjj-glossary/chest-to-back/,src/bjj-glossary/chest-to-back/index.html,dist/bjj-glossary/chest-to-back/index.html,general,https://senseisandy.com/bjj-glossary/chest-to-back/,200,true,true,keep,,,Release 4 URL inventory
https://senseisandy.com/bjj-glossary/base/,src/bjj-glossary/base/index.html,dist/bjj-glossary/base/index.html,general,https://senseisandy.com/bjj-glossary/base/,200,true,true,keep,,,Release 4 URL inventory
https://senseisandy.com/bjj-glossary/bridge/,src/bjj-glossary/bridge/index.html,dist/bjj-glossary/bridge/index.html,general,https://senseisandy.com/bjj-glossary/bridge/,200,true,true,keep,,,Release 4 URL inventory
https://senseisandy.com/bjj-glossary/re-shot/,src/bjj-glossary/re-shot/index.html,dist/bjj-glossary/re-shot/index.html,general,https://senseisandy.com/bjj-glossary/re-shot/,200,true,true,keep,,,Release 4 URL inventory
https://senseisandy.com/bjj-glossary/snap-down/,src/bjj-glossary/snap-down/index.html,dist/bjj-glossary/snap-down/index.html,general,https://senseisandy.com/bjj-glossary/snap-down/,200,true,true,keep,,,Release 4 URL inventory
https://senseisandy.com/bjj-glossary/waiter-sweep/,src/bjj-glossary/waiter-sweep/index.html,dist/bjj-glossary/waiter-sweep/index.html,general,https://senseisandy.com/bjj-glossary/waiter-sweep/,200,true,true,keep,,,Release 4 URL inventory
https://senseisandy.com/bjj-glossary/dominant-position/,src/bjj-glossary/dominant-position/index.html,dist/bjj-glossary/dominant-position/index.html,general,https://senseisandy.com/bjj-glossary/dominant-position/,200,true,true,keep,,,Release 4 URL inventory
https://senseisandy.com/bjj-glossary/frame/,src/bjj-glossary/frame/index.html,dist/bjj-glossary/frame/index.html,general,https://senseisandy.com/bjj-glossary/frame/,200,true,true,keep,,,Release 4 URL inventory
https://senseisandy.com/bjj-glossary/whizzer/,src/bjj-glossary/whizzer/index.html,dist/bjj-glossary/whizzer/index.html,general,https://senseisandy.com/bjj-glossary/whizzer/,200,true,true,keep,,,Release 4 URL inventory
https://senseisandy.com/bjj-glossary/hand-fighting/,src/bjj-glossary/hand-fighting/index.html,dist/bjj-glossary/hand-fighting/index.html,general,https://senseisandy.com/bjj-glossary/hand-fighting/,200,true,true,keep,,,Release 4 URL inventory
https://senseisandy.com/bjj-glossary/upa-escape/,src/bjj-glossary/upa-escape/index.html,dist/bjj-glossary/upa-escape/index.html,general,https://senseisandy.com/bjj-glossary/upa-escape/,200,true,true,keep,,,Release 4 URL inventory
https://senseisandy.com/bjj-glossary/scissor-sweep/,src/bjj-glossary/scissor-sweep/index.html,dist/bjj-glossary/scissor-sweep/index.html,general,https://senseisandy.com/bjj-glossary/scissor-sweep/,200,true,true,keep,,,Release 4 URL inventory
https://senseisandy.com/bjj-glossary/arm-drag/,src/bjj-glossary/arm-drag/index.html,dist/bjj-glossary/arm-drag/index.html,general,https://senseisandy.com/bjj-glossary/arm-drag/,200,true,true,keep,,,Release 4 URL inventory
https://senseisandy.com/bjj-glossary/knee-cut/,src/bjj-glossary/knee-cut/index.html,dist/bjj-glossary/knee-cut/index.html,general,https://senseisandy.com/bjj-glossary/knee-cut/,200,true,true,keep,,,Release 4 URL inventory
https://senseisandy.com/bjj-glossary/jiu-jitsu/,src/bjj-glossary/jiu-jitsu/index.html,dist/bjj-glossary/jiu-jitsu/index.html,general,https://senseisandy.com/bjj-glossary/jiu-jitsu/,200,true,true,keep,,,Release 4 URL inventory
https://senseisandy.com/bjj-glossary/turtle/,src/bjj-glossary/turtle/index.html,dist/bjj-glossary/turtle/index.html,general,https://senseisandy.com/bjj-glossary/turtle/,200,true,true,keep,,,Release 4 URL inventory
https://senseisandy.com/bjj-glossary/knee-slide/,src/bjj-glossary/knee-slide/index.html,dist/bjj-glossary/knee-slide/index.html,general,https://senseisandy.com/bjj-glossary/knee-slide/,200,true,true,keep,,,Release 4 URL inventory
https://senseisandy.com/bjj-glossary/control/,src/bjj-glossary/control/index.html,dist/bjj-glossary/control/index.html,general,https://senseisandy.com/bjj-glossary/control/,200,true,true,keep,,,Release 4 URL inventory
https://senseisandy.com/bjj-glossary/butterfly-hook/,src/bjj-glossary/butterfly-hook/index.html,dist/bjj-glossary/butterfly-hook/index.html,general,https://senseisandy.com/bjj-glossary/butterfly-hook/,200,true,true,keep,,,Release 4 URL inventory
https://senseisandy.com/bjj-glossary/guillotine/,src/bjj-glossary/guillotine/index.html,dist/bjj-glossary/guillotine/index.html,general,https://senseisandy.com/bjj-glossary/guillotine/,200,true,true,keep,,,Release 4 URL inventory
https://senseisandy.com/bjj-glossary/wrestle-up/,src/bjj-glossary/wrestle-up/index.html,dist/bjj-glossary/wrestle-up/index.html,general,https://senseisandy.com/bjj-glossary/wrestle-up/,200,true,true,keep,,,Release 4 URL inventory
https://senseisandy.com/bjj-glossary/scramble/,src/bjj-glossary/scramble/index.html,dist/bjj-glossary/scramble/index.html,general,https://senseisandy.com/bjj-glossary/scramble/,200,true,true,keep,,,Release 4 URL inventory
https://senseisandy.com/bjj-glossary/bottom-position/,src/bjj-glossary/bottom-position/index.html,dist/bjj-glossary/bottom-position/index.html,general,https://senseisandy.com/bjj-glossary/bottom-position/,200,true,true,keep,,,Release 4 URL inventory
https://senseisandy.com/bjj-glossary/off-balance/,src/bjj-glossary/off-balance/index.html,dist/bjj-glossary/off-balance/index.html,general,https://senseisandy.com/bjj-glossary/off-balance/,200,true,true,keep,,,Release 4 URL inventory
https://senseisandy.com/bjj-glossary/ankle-pick/,src/bjj-glossary/ankle-pick/index.html,dist/bjj-glossary/ankle-pick/index.html,general,https://senseisandy.com/bjj-glossary/ankle-pick/,200,true,true,keep,,,Release 4 URL inventory
https://senseisandy.com/bjj-glossary/crossface-defense/,src/bjj-glossary/crossface-defense/index.html,dist/bjj-glossary/crossface-defense/index.html,general,https://senseisandy.com/bjj-glossary/crossface-defense/,200,true,true,keep,,,Release 4 URL inventory
https://senseisandy.com/bjj-glossary/guard/,src/bjj-glossary/guard/index.html,dist/bjj-glossary/guard/index.html,general,https://senseisandy.com/bjj-glossary/guard/,200,true,true,keep,,,Release 4 URL inventory
https://senseisandy.com/bjj-glossary/mount/,src/bjj-glossary/mount/index.html,dist/bjj-glossary/mount/index.html,general,https://senseisandy.com/bjj-glossary/mount/,200,true,true,keep,,,Release 4 URL inventory
https://senseisandy.com/bjj-glossary/k-guard/,src/bjj-glossary/k-guard/index.html,dist/bjj-glossary/k-guard/index.html,general,https://senseisandy.com/bjj-glossary/k-guard/,200,true,true,keep,,,Release 4 URL inventory
https://senseisandy.com/bjj-glossary/inversion/,src/bjj-glossary/inversion/index.html,dist/bjj-glossary/inversion/index.html,general,https://senseisandy.com/bjj-glossary/inversion/,200,true,true,keep,,,Release 4 URL inventory
https://senseisandy.com/bjj-glossary/grip-fighting/,src/bjj-glossary/grip-fighting/index.html,dist/bjj-glossary/grip-fighting/index.html,general,https://senseisandy.com/bjj-glossary/grip-fighting/,200,true,true,keep,,,Release 4 URL inventory
https://senseisandy.com/bjj-glossary/half-guard/,src/bjj-glossary/half-guard/index.html,dist/bjj-glossary/half-guard/index.html,general,https://senseisandy.com/bjj-glossary/half-guard/,200,true,true,keep,,,Release 4 URL inventory
https://senseisandy.com/bjj-glossary/mat-return/,src/bjj-glossary/mat-return/index.html,dist/bjj-glossary/mat-return/index.html,general,https://senseisandy.com/bjj-glossary/mat-return/,200,true,true,keep,,,Release 4 URL inventory
https://senseisandy.com/bjj-glossary/collar-grip/,src/bjj-glossary/collar-grip/index.html,dist/bjj-glossary/collar-grip/index.html,general,https://senseisandy.com/bjj-glossary/collar-grip/,200,true,true,keep,,,Release 4 URL inventory
https://senseisandy.com/bjj-glossary/back-defense/,src/bjj-glossary/back-defense/index.html,dist/bjj-glossary/back-defense/index.html,general,https://senseisandy.com/bjj-glossary/back-defense/,200,true,true,keep,,,Release 4 URL inventory
https://senseisandy.com/bjj-glossary/escape/,src/bjj-glossary/escape/index.html,dist/bjj-glossary/escape/index.html,general,https://senseisandy.com/bjj-glossary/escape/,200,true,true,keep,,,Release 4 URL inventory
https://senseisandy.com/bjj-glossary/spin-behind/,src/bjj-glossary/spin-behind/index.html,dist/bjj-glossary/spin-behind/index.html,general,https://senseisandy.com/bjj-glossary/spin-behind/,200,true,true,keep,,,Release 4 URL inventory
https://senseisandy.com/bjj-glossary/leg-drag/,src/bjj-glossary/leg-drag/index.html,dist/bjj-glossary/leg-drag/index.html,general,https://senseisandy.com/bjj-glossary/leg-drag/,200,true,true,keep,,,Release 4 URL inventory
https://senseisandy.com/bjj-glossary/go-behind/,src/bjj-glossary/go-behind/index.html,dist/bjj-glossary/go-behind/index.html,general,https://senseisandy.com/bjj-glossary/go-behind/,200,true,true,keep,,,Release 4 URL inventory
https://senseisandy.com/bjj-glossary/safety/,src/bjj-glossary/safety/index.html,dist/bjj-glossary/safety/index.html,general,https://senseisandy.com/bjj-glossary/safety/,200,true,true,keep,,,Release 4 URL inventory
https://senseisandy.com/bjj-glossary/backstep-pass/,src/bjj-glossary/backstep-pass/index.html,dist/bjj-glossary/backstep-pass/index.html,general,https://senseisandy.com/bjj-glossary/backstep-pass/,200,true,true,keep,,,Release 4 URL inventory
https://senseisandy.com/bjj-glossary/sweep/,src/bjj-glossary/sweep/index.html,dist/bjj-glossary/sweep/index.html,general,https://senseisandy.com/bjj-glossary/sweep/,200,true,true,keep,,,Release 4 URL inventory
https://senseisandy.com/bjj-glossary/butterfly-sweep/,src/bjj-glossary/butterfly-sweep/index.html,dist/bjj-glossary/butterfly-sweep/index.html,general,https://senseisandy.com/bjj-glossary/butterfly-sweep/,200,true,true,keep,,,Release 4 URL inventory
https://senseisandy.com/bjj-glossary/mount-transition/,src/bjj-glossary/mount-transition/index.html,dist/bjj-glossary/mount-transition/index.html,general,https://senseisandy.com/bjj-glossary/mount-transition/,200,true,true,keep,,,Release 4 URL inventory
https://senseisandy.com/bjj-glossary/open-guard-pass/,src/bjj-glossary/open-guard-pass/index.html,dist/bjj-glossary/open-guard-pass/index.html,general,https://senseisandy.com/bjj-glossary/open-guard-pass/,200,true,true,keep,,,Release 4 URL inventory
https://senseisandy.com/bjj-glossary/updates/,src/bjj-glossary/updates/index.html,dist/bjj-glossary/updates/index.html,general,https://senseisandy.com/bjj-glossary/updates/,200,true,true,keep,,,Release 4 URL inventory
https://senseisandy.com/bjj-glossary/underhook/,src/bjj-glossary/underhook/index.html,dist/bjj-glossary/underhook/index.html,general,https://senseisandy.com/bjj-glossary/underhook/,200,true,true,keep,,,Release 4 URL inventory
https://senseisandy.com/bjj-glossary/inside-position/,src/bjj-glossary/inside-position/index.html,dist/bjj-glossary/inside-position/index.html,general,https://senseisandy.com/bjj-glossary/inside-position/,200,true,true,keep,,,Release 4 URL inventory
https://senseisandy.com/bjj-glossary/shot-entry/,src/bjj-glossary/shot-entry/index.html,dist/bjj-glossary/shot-entry/index.html,general,https://senseisandy.com/bjj-glossary/shot-entry/,200,true,true,keep,,,Release 4 URL inventory
https://senseisandy.com/roll/,src/roll/index.html,dist/roll/index.html,general,https://senseisandy.com/roll/,200,true,true,keep,,,Release 4 URL inventory
https://senseisandy.com/.venv/lib/python3.12/site-packages/headroom/dashboard/templates/dashboard/,src/.venv/lib/python3.12/site-packages/headroom/dashboard/templates/dashboard.html,dist/.venv/lib/python3.12/site-packages/headroom/dashboard/templates/dashboard.html,general,https://senseisandy.com/.venv/lib/python3.12/site-packages/headroom/dashboard/templates/dashboard/,200,true,true,keep,,,Release 4 URL inventory
https://senseisandy.com/.venv/lib/python3.12/site-packages/setuptools/tests/indexes/test_links_priority/external/,src/.venv/lib/python3.12/site-packages/setuptools/tests/indexes/test_links_priority/external.html,dist/.venv/lib/python3.12/site-packages/setuptools/tests/indexes/test_links_priority/external.html,general,https://senseisandy.com/.venv/lib/python3.12/site-packages/setuptools/tests/indexes/test_links_priority/external/,200,true,true,keep,,,Release 4 URL inventory
https://senseisandy.com/.venv/lib/python3.12/site-packages/setuptools/tests/indexes/test_links_priority/simple/foobar/,src/.venv/lib/python3.12/site-packages/setuptools/tests/indexes/test_links_priority/simple/foobar/index.html,dist/.venv/lib/python3.12/site-packages/setuptools/tests/indexes/test_links_priority/simple/foobar/index.html,general,https://senseisandy.com/.venv/lib/python3.12/site-packages/setuptools/tests/indexes/test_links_priority/simple/foobar/,200,true,true,keep,,,Release 4 URL inventory
https://senseisandy.com/.venv/lib/python3.12/site-packages/litellm/proxy/_experimental/out/chat/,src/.venv/lib/python3.12/site-packages/litellm/proxy/_experimental/out/chat.html,dist/.venv/lib/python3.12/site-packages/litellm/proxy/_experimental/out/chat.html,general,https://senseisandy.com/.venv/lib/python3.12/site-packages/litellm/proxy/_experimental/out/chat/,200,true,true,keep,,,Release 4 URL inventory
https://senseisandy.com/.venv/lib/python3.12/site-packages/litellm/proxy/_experimental/out/,src/.venv/lib/python3.12/site-packages/litellm/proxy/_experimental/out/index.html,dist/.venv/lib/python3.12/site-packages/litellm/proxy/_experimental/out/index.html,general,https://senseisandy.com/.venv/lib/python3.12/site-packages/litellm/proxy/_experimental/out/,200,true,true,keep,,,Release 4 URL inventory
https://senseisandy.com/.venv/lib/python3.12/site-packages/litellm/proxy/_experimental/out/model-hub/,src/.venv/lib/python3.12/site-packages/litellm/proxy/_experimental/out/model-hub/index.html,dist/.venv/lib/python3.12/site-packages/litellm/proxy/_experimental/out/model-hub/index.html,general,https://senseisandy.com/.venv/lib/python3.12/site-packages/litellm/proxy/_experimental/out/model-hub/,200,true,true,keep,,,Release 4 URL inventory
https://senseisandy.com/.venv/lib/python3.12/site-packages/litellm/proxy/_experimental/out/login/,src/.venv/lib/python3.12/site-packages/litellm/proxy/_experimental/out/login/index.html,dist/.venv/lib/python3.12/site-packages/litellm/proxy/_experimental/out/login/index.html,general,https://senseisandy.com/.venv/lib/python3.12/site-packages/litellm/proxy/_experimental/out/login/,200,true,true,keep,,,Release 4 URL inventory
https://senseisandy.com/.venv/lib/python3.12/site-packages/litellm/proxy/_experimental/out/settings/admin-settings/,src/.venv/lib/python3.12/site-packages/litellm/proxy/_experimental/out/settings/admin-settings/index.html,dist/.venv/lib/python3.12/site-packages/litellm/proxy/_experimental/out/settings/admin-settings/index.html,general,https://senseisandy.com/.venv/lib/python3.12/site-packages/litellm/proxy/_experimental/out/settings/admin-settings/,200,true,true,keep,,,Release 4 URL inventory
https://senseisandy.com/.venv/lib/python3.12/site-packages/litellm/proxy/_experimental/out/settings/logging-and-alerts/,src/.venv/lib/python3.12/site-packages/litellm/proxy/_experimental/out/settings/logging-and-alerts/index.html,dist/.venv/lib/python3.12/site-packages/litellm/proxy/_experimental/out/settings/logging-and-alerts/index.html,general,https://senseisandy.com/.venv/lib/python3.12/site-packages/litellm/proxy/_experimental/out/settings/logging-and-alerts/,200,true,true,keep,,,Release 4 URL inventory
https://senseisandy.com/.venv/lib/python3.12/site-packages/litellm/proxy/_experimental/out/settings/router-settings/,src/.venv/lib/python3.12/site-packages/litellm/proxy/_experimental/out/settings/router-settings/index.html,dist/.venv/lib/python3.12/site-packages/litellm/proxy/_experimental/out/settings/router-settings/index.html,general,https://senseisandy.com/.venv/lib/python3.12/site-packages/litellm/proxy/_experimental/out/settings/router-settings/,200,true,true,keep,,,Release 4 URL inventory
https://senseisandy.com/.venv/lib/python3.12/site-packages/litellm/proxy/_experimental/out/settings/ui-theme/,src/.venv/lib/python3.12/site-packages/litellm/proxy/_experimental/out/settings/ui-theme/index.html,dist/.venv/lib/python3.12/site-packages/litellm/proxy/_experimental/out/settings/ui-theme/index.html,general,https://senseisandy.com/.venv/lib/python3.12/site-packages/litellm/proxy/_experimental/out/settings/ui-theme/,200,true,true,keep,,,Release 4 URL inventory
https://senseisandy.com/.venv/lib/python3.12/site-packages/litellm/proxy/_experimental/out/test-key/,src/.venv/lib/python3.12/site-packages/litellm/proxy/_experimental/out/test-key/index.html,dist/.venv/lib/python3.12/site-packages/litellm/proxy/_experimental/out/test-key/index.html,general,https://senseisandy.com/.venv/lib/python3.12/site-packages/litellm/proxy/_experimental/out/test-key/,200,true,true,keep,,,Release 4 URL inventory
https://senseisandy.com/.venv/lib/python3.12/site-packages/litellm/proxy/_experimental/out/logs/,src/.venv/lib/python3.12/site-packages/litellm/proxy/_experimental/out/logs/index.html,dist/.venv/lib/python3.12/site-packages/litellm/proxy/_experimental/out/logs/index.html,general,https://senseisandy.com/.venv/lib/python3.12/site-packages/litellm/proxy/_experimental/out/logs/,200,true,true,keep,,,Release 4 URL inventory
https://senseisandy.com/.venv/lib/python3.12/site-packages/litellm/proxy/_experimental/out/teams/,src/.venv/lib/python3.12/site-packages/litellm/proxy/_experimental/out/teams/index.html,dist/.venv/lib/python3.12/site-packages/litellm/proxy/_experimental/out/teams/index.html,general,https://senseisandy.com/.venv/lib/python3.12/site-packages/litellm/proxy/_experimental/out/teams/,200,true,true,keep,,,Release 4 URL inventory
https://senseisandy.com/.venv/lib/python3.12/site-packages/litellm/proxy/_experimental/out/mcp/oauth/callback/,src/.venv/lib/python3.12/site-packages/litellm/proxy/_experimental/out/mcp/oauth/callback/index.html,dist/.venv/lib/python3.12/site-packages/litellm/proxy/_experimental/out/mcp/oauth/callback/index.html,general,https://senseisandy.com/.venv/lib/python3.12/site-packages/litellm/proxy/_experimental/out/mcp/oauth/callback/,200,true,true,keep,,,Release 4 URL inventory
https://senseisandy.com/.venv/lib/python3.12/site-packages/litellm/proxy/_experimental/out/usage/,src/.venv/lib/python3.12/site-packages/litellm/proxy/_experimental/out/usage/index.html,dist/.venv/lib/python3.12/site-packages/litellm/proxy/_experimental/out/usage/index.html,general,https://senseisandy.com/.venv/lib/python3.12/site-packages/litellm/proxy/_experimental/out/usage/,200,true,true,keep,,,Release 4 URL inventory
https://senseisandy.com/.venv/lib/python3.12/site-packages/litellm/proxy/_experimental/out/experimental/old-usage/,src/.venv/lib/python3.12/site-packages/litellm/proxy/_experimental/out/experimental/old-usage/index.html,dist/.venv/lib/python3.12/site-packages/litellm/proxy/_experimental/out/experimental/old-usage/index.html,general,https://senseisandy.com/.venv/lib/python3.12/site-packages/litellm/proxy/_experimental/out/experimental/old-usage/,200,true,true,keep,,,Release 4 URL inventory
https://senseisandy.com/.venv/lib/python3.12/site-packages/litellm/proxy/_experimental/out/experimental/prompts/,src/.venv/lib/python3.12/site-packages/litellm/proxy/_experimental/out/experimental/prompts/index.html,dist/.venv/lib/python3.12/site-packages/litellm/proxy/_experimental/out/experimental/prompts/index.html,general,https://senseisandy.com/.venv/lib/python3.12/site-packages/litellm/proxy/_experimental/out/experimental/prompts/,200,true,true,keep,,,Release 4 URL inventory
https://senseisandy.com/.venv/lib/python3.12/site-packages/litellm/proxy/_experimental/out/experimental/caching/,src/.venv/lib/python3.12/site-packages/litellm/proxy/_experimental/out/experimental/caching/index.html,dist/.venv/lib/python3.12/site-packages/litellm/proxy/_experimental/out/experimental/caching/index.html,general,https://senseisandy.com/.venv/lib/python3.12/site-packages/litellm/proxy/_experimental/out/experimental/caching/,200,true,true,keep,,,Release 4 URL inventory
https://senseisandy.com/.venv/lib/python3.12/site-packages/litellm/proxy/_experimental/out/experimental/budgets/,src/.venv/lib/python3.12/site-packages/litellm/proxy/_experimental/out/experimental/budgets/index.html,dist/.venv/lib/python3.12/site-packages/litellm/proxy/_experimental/out/experimental/budgets/index.html,general,https://senseisandy.com/.venv/lib/python3.12/site-packages/litellm/proxy/_experimental/out/experimental/budgets/,200,true,true,keep,,,Release 4 URL inventory
https://senseisandy.com/.venv/lib/python3.12/site-packages/litellm/proxy/_experimental/out/experimental/api-playground/,src/.venv/lib/python3.12/site-packages/litellm/proxy/_experimental/out/experimental/api-playground/index.html,dist/.venv/lib/python3.12/site-packages/litellm/proxy/_experimental/out/experimental/api-playground/index.html,general,https://senseisandy.com/.venv/lib/python3.12/site-packages/litellm/proxy/_experimental/out/experimental/api-playground/,200,true,true,keep,,,Release 4 URL inventory
https://senseisandy.com/.venv/lib/python3.12/site-packages/litellm/proxy/_experimental/out/experimental/claude-code-plugins/,src/.venv/lib/python3.12/site-packages/litellm/proxy/_experimental/out/experimental/claude-code-plugins/index.html,dist/.venv/lib/python3.12/site-packages/litellm/proxy/_experimental/out/experimental/claude-code-plugins/index.html,general,https://senseisandy.com/.venv/lib/python3.12/site-packages/litellm/proxy/_experimental/out/experimental/claude-code-plugins/,200,true,true,keep,,,Release 4 URL inventory
https://senseisandy.com/.venv/lib/python3.12/site-packages/litellm/proxy/_experimental/out/experimental/tag-management/,src/.venv/lib/python3.12/site-packages/litellm/proxy/_experimental/out/experimental/tag-management/index.html,dist/.venv/lib/python3.12/site-packages/litellm/proxy/_experimental/out/experimental/tag-management/index.html,general,https://senseisandy.com/.venv/lib/python3.12/site-packages/litellm/proxy/_experimental/out/experimental/tag-management/,200,true,true,keep,,,Release 4 URL inventory
https://senseisandy.com/.venv/lib/python3.12/site-packages/litellm/proxy/_experimental/out/404/,src/.venv/lib/python3.12/site-packages/litellm/proxy/_experimental/out/404/index.html,dist/.venv/lib/python3.12/site-packages/litellm/proxy/_experimental/out/404/index.html,general,https://senseisandy.com/.venv/lib/python3.12/site-packages/litellm/proxy/_experimental/out/404/,200,true,true,keep,,,Release 4 URL inventory
https://senseisandy.com/.venv/lib/python3.12/site-packages/litellm/proxy/_experimental/out/onboarding/,src/.venv/lib/python3.12/site-packages/litellm/proxy/_experimental/out/onboarding/index.html,dist/.venv/lib/python3.12/site-packages/litellm/proxy/_experimental/out/onboarding/index.html,general,https://senseisandy.com/.venv/lib/python3.12/site-packages/litellm/proxy/_experimental/out/onboarding/,200,true,true,keep,,,Release 4 URL inventory
https://senseisandy.com/.venv/lib/python3.12/site-packages/litellm/proxy/_experimental/out/playground/,src/.venv/lib/python3.12/site-packages/litellm/proxy/_experimental/out/playground/index.html,dist/.venv/lib/python3.12/site-packages/litellm/proxy/_experimental/out/playground/index.html,general,https://senseisandy.com/.venv/lib/python3.12/site-packages/litellm/proxy/_experimental/out/playground/,200,true,true,keep,,,Release 4 URL inventory
https://senseisandy.com/.venv/lib/python3.12/site-packages/litellm/proxy/_experimental/out/model_hub_table/,src/.venv/lib/python3.12/site-packages/litellm/proxy/_experimental/out/model_hub_table/index.html,dist/.venv/lib/python3.12/site-packages/litellm/proxy/_experimental/out/model_hub_table/index.html,general,https://senseisandy.com/.venv/lib/python3.12/site-packages/litellm/proxy/_experimental/out/model_hub_table/,200,true,true,keep,,,Release 4 URL inventory
https://senseisandy.com/.venv/lib/python3.12/site-packages/litellm/proxy/_experimental/out/policies/,src/.venv/lib/python3.12/site-packages/litellm/proxy/_experimental/out/policies/index.html,dist/.venv/lib/python3.12/site-packages/litellm/proxy/_experimental/out/policies/index.html,general,https://senseisandy.com/.venv/lib/python3.12/site-packages/litellm/proxy/_experimental/out/policies/,200,true,true,keep,,,Release 4 URL inventory
https://senseisandy.com/.venv/lib/python3.12/site-packages/litellm/proxy/_experimental/out/guardrails/,src/.venv/lib/python3.12/site-packages/litellm/proxy/_experimental/out/guardrails/index.html,dist/.venv/lib/python3.12/site-packages/litellm/proxy/_experimental/out/guardrails/index.html,general,https://senseisandy.com/.venv/lib/python3.12/site-packages/litellm/proxy/_experimental/out/guardrails/,200,true,true,keep,,,Release 4 URL inventory
https://senseisandy.com/.venv/lib/python3.12/site-packages/litellm/proxy/_experimental/out/model_hub/,src/.venv/lib/python3.12/site-packages/litellm/proxy/_experimental/out/model_hub/index.html,dist/.venv/lib/python3.12/site-packages/litellm/proxy/_experimental/out/model_hub/index.html,general,https://senseisandy.com/.venv/lib/python3.12/site-packages/litellm/proxy/_experimental/out/model_hub/,200,true,true,keep,,,Release 4 URL inventory
https://senseisandy.com/.venv/lib/python3.12/site-packages/litellm/proxy/_experimental/out/organizations/,src/.venv/lib/python3.12/site-packages/litellm/proxy/_experimental/out/organizations/index.html,dist/.venv/lib/python3.12/site-packages/litellm/proxy/_experimental/out/organizations/index.html,general,https://senseisandy.com/.venv/lib/python3.12/site-packages/litellm/proxy/_experimental/out/organizations/,200,true,true,keep,,,Release 4 URL inventory
https://senseisandy.com/.venv/lib/python3.12/site-packages/litellm/proxy/_experimental/out/models-and-endpoints/,src/.venv/lib/python3.12/site-packages/litellm/proxy/_experimental/out/models-and-endpoints/index.html,dist/.venv/lib/python3.12/site-packages/litellm/proxy/_experimental/out/models-and-endpoints/index.html,general,https://senseisandy.com/.venv/lib/python3.12/site-packages/litellm/proxy/_experimental/out/models-and-endpoints/,200,true,true,keep,,,Release 4 URL inventory
https://senseisandy.com/.venv/lib/python3.12/site-packages/litellm/proxy/_experimental/out/users/,src/.venv/lib/python3.12/site-packages/litellm/proxy/_experimental/out/users/index.html,dist/.venv/lib/python3.12/site-packages/litellm/proxy/_experimental/out/users/index.html,general,https://senseisandy.com/.venv/lib/python3.12/site-packages/litellm/proxy/_experimental/out/users/,200,true,true,keep,,,Release 4 URL inventory
https://senseisandy.com/.venv/lib/python3.12/site-packages/litellm/proxy/_experimental/out/api-reference/,src/.venv/lib/python3.12/site-packages/litellm/proxy/_experimental/out/api-reference/index.html,dist/.venv/lib/python3.12/site-packages/litellm/proxy/_experimental/out/api-reference/index.html,general,https://senseisandy.com/.venv/lib/python3.12/site-packages/litellm/proxy/_experimental/out/api-reference/,200,true,true,keep,,,Release 4 URL inventory
https://senseisandy.com/.venv/lib/python3.12/site-packages/litellm/proxy/_experimental/out/tools/mcp-servers/,src/.venv/lib/python3.12/site-packages/litellm/proxy/_experimental/out/tools/mcp-servers/index.html,dist/.venv/lib/python3.12/site-packages/litellm/proxy/_experimental/out/tools/mcp-servers/index.html,general,https://senseisandy.com/.venv/lib/python3.12/site-packages/litellm/proxy/_experimental/out/tools/mcp-servers/,200,true,true,keep,,,Release 4 URL inventory
https://senseisandy.com/.venv/lib/python3.12/site-packages/litellm/proxy/_experimental/out/tools/vector-stores/,src/.venv/lib/python3.12/site-packages/litellm/proxy/_experimental/out/tools/vector-stores/index.html,dist/.venv/lib/python3.12/site-packages/litellm/proxy/_experimental/out/tools/vector-stores/index.html,general,https://senseisandy.com/.venv/lib/python3.12/site-packages/litellm/proxy/_experimental/out/tools/vector-stores/,200,true,true,keep,,,Release 4 URL inventory
https://senseisandy.com/.venv/lib/python3.12/site-packages/litellm/proxy/_experimental/out/_not-found/,src/.venv/lib/python3.12/site-packages/litellm/proxy/_experimental/out/_not-found/index.html,dist/.venv/lib/python3.12/site-packages/litellm/proxy/_experimental/out/_not-found/index.html,general,https://senseisandy.com/.venv/lib/python3.12/site-packages/litellm/proxy/_experimental/out/_not-found/,200,true,true,keep,,,Release 4 URL inventory
https://senseisandy.com/.venv/lib/python3.12/site-packages/litellm/proxy/_experimental/out/virtual-keys/,src/.venv/lib/python3.12/site-packages/litellm/proxy/_experimental/out/virtual-keys/index.html,dist/.venv/lib/python3.12/site-packages/litellm/proxy/_experimental/out/virtual-keys/index.html,general,https://senseisandy.com/.venv/lib/python3.12/site-packages/litellm/proxy/_experimental/out/virtual-keys/,200,true,true,keep,,,Release 4 URL inventory
https://senseisandy.com/.venv/lib/python3.12/site-packages/torch/utils/model_dump/skeleton/,src/.venv/lib/python3.12/site-packages/torch/utils/model_dump/skeleton.html,dist/.venv/lib/python3.12/site-packages/torch/utils/model_dump/skeleton.html,general,https://senseisandy.com/.venv/lib/python3.12/site-packages/torch/utils/model_dump/skeleton/,200,true,true,keep,,,Release 4 URL inventory
https://senseisandy.com/choke/,src/choke/index.html,dist/choke/index.html,general,https://senseisandy.com/choke/,200,true,true,keep,,,Release 4 URL inventory
https://senseisandy.com/.tmb/preview/schedule.rendered/,src/.tmb/preview/schedule.rendered.html,dist/.tmb/preview/schedule.rendered.html,general,https://senseisandy.com/.tmb/preview/schedule.rendered/,200,true,true,keep,,,Release 4 URL inventory
https://senseisandy.com/.tmb/preview/blog.rendered/,src/.tmb/preview/blog.rendered.html,dist/.tmb/preview/blog.rendered.html,general,https://senseisandy.com/.tmb/preview/blog.rendered/,200,true,true,keep,,,Release 4 URL inventory
https://senseisandy.com/.tmb/preview/kids.rendered/,src/.tmb/preview/kids.rendered.html,dist/.tmb/preview/kids.rendered.html,general,https://senseisandy.com/.tmb/preview/kids.rendered/,200,true,true,keep,,,Release 4 URL inventory
https://senseisandy.com/.tmb/preview/adult.rendered/,src/.tmb/preview/adult.rendered.html,dist/.tmb/preview/adult.rendered.html,general,https://senseisandy.com/.tmb/preview/adult.rendered/,200,true,true,keep,,,Release 4 URL inventory
https://senseisandy.com/.tmb/preview/home.rendered/,src/.tmb/preview/home.rendered.html,dist/.tmb/preview/home.rendered.html,general,https://senseisandy.com/.tmb/preview/home.rendered/,200,true,true,keep,,,Release 4 URL inventory
https://senseisandy.com/.tmb/preview/index.rendered/,src/.tmb/preview/index.rendered.html,dist/.tmb/preview/index.rendered.html,general,https://senseisandy.com/.tmb/preview/index.rendered/,200,true,true,keep,,,Release 4 URL inventory
https://senseisandy.com/position/,src/position/index.html,dist/position/index.html,general,https://senseisandy.com/position/,200,true,true,keep,,,Release 4 URL inventory
https://senseisandy.com/blog/,src/blog/index.html,dist/blog/index.html,article,https://senseisandy.com/blog/,200,true,true,keep,,,Release 4 URL inventory
https://senseisandy.com/blog/jiu-jitsu-windham-ny/,src/blog/jiu-jitsu-windham-ny/index.html,dist/blog/jiu-jitsu-windham-ny/index.html,article,https://senseisandy.com/blog/jiu-jitsu-windham-ny/,200,true,true,keep,,,Release 4 URL inventory
https://senseisandy.com/blog/hunter-elementary-tuesday-drop-off-bjj/,src/blog/hunter-elementary-tuesday-drop-off-bjj/index.html,dist/blog/hunter-elementary-tuesday-drop-off-bjj/index.html,article,https://senseisandy.com/blog/hunter-elementary-tuesday-drop-off-bjj/,200,true,true,keep,,,Release 4 URL inventory
https://senseisandy.com/blog/gain-points-system/,src/blog/gain-points-system/index.html,dist/blog/gain-points-system/index.html,article,https://senseisandy.com/blog/gain-points-system/,200,true,true,keep,,,Release 4 URL inventory
https://senseisandy.com/blog/growth-over-gold-bjj-mindset/,src/blog/growth-over-gold-bjj-mindset/index.html,dist/blog/growth-over-gold-bjj-mindset/index.html,article,https://senseisandy.com/blog/growth-over-gold-bjj-mindset/,200,true,true,keep,,,Release 4 URL inventory
https://senseisandy.com/blog/catskills-gym-alternative-jiu-jitsu/,src/blog/catskills-gym-alternative-jiu-jitsu/index.html,dist/blog/catskills-gym-alternative-jiu-jitsu/index.html,article,https://senseisandy.com/blog/catskills-gym-alternative-jiu-jitsu/,200,true,true,keep,,,Release 4 URL inventory
https://senseisandy.com/blog/kids-teens-bjj-belts-ranks-stripes-promotions/,src/blog/kids-teens-bjj-belts-ranks-stripes-promotions/index.html,dist/blog/kids-teens-bjj-belts-ranks-stripes-promotions/index.html,article,https://senseisandy.com/blog/kids-teens-bjj-belts-ranks-stripes-promotions/,200,true,true,keep,,,Release 4 URL inventory
https://senseisandy.com/blog/what-is-sanda-sanshou/,src/blog/what-is-sanda-sanshou/index.html,dist/blog/what-is-sanda-sanshou/index.html,article,https://senseisandy.com/blog/what-is-sanda-sanshou/,200,true,true,keep,,,Release 4 URL inventory
https://senseisandy.com/blog/takedown-defense/,src/blog/takedown-defense/index.html,dist/blog/takedown-defense/index.html,article,https://senseisandy.com/blog/takedown-defense/,200,true,true,keep,,,Release 4 URL inventory
https://senseisandy.com/blog/beginners-guide-bjj-human-chess/,src/blog/beginners-guide-bjj-human-chess/index.html,dist/blog/beginners-guide-bjj-human-chess/index.html,article,https://senseisandy.com/blog/beginners-guide-bjj-human-chess/,200,true,true,keep,,,Release 4 URL inventory
https://senseisandy.com/blog/kids-jiu-jitsu-windham-ny/,src/blog/kids-jiu-jitsu-windham-ny/index.html,dist/blog/kids-jiu-jitsu-windham-ny/index.html,article,https://senseisandy.com/blog/kids-jiu-jitsu-windham-ny/,200,true,true,keep,,,Release 4 URL inventory
https://senseisandy.com/blog/exactly-what-happens-first-bjj-class-minute-by-minute/,src/blog/exactly-what-happens-first-bjj-class-minute-by-minute/index.html,dist/blog/exactly-what-happens-first-bjj-class-minute-by-minute/index.html,article,https://senseisandy.com/blog/exactly-what-happens-first-bjj-class-minute-by-minute/,200,true,true,keep,,,Release 4 URL inventory
https://senseisandy.com/blog/kinetic-chess-onteora-park/,src/blog/kinetic-chess-onteora-park/index.html,dist/blog/kinetic-chess-onteora-park/index.html,article,https://senseisandy.com/blog/kinetic-chess-onteora-park/,200,true,true,keep,,,Release 4 URL inventory
https://senseisandy.com/blog/bjj-sensei/,src/blog/bjj-sensei/index.html,dist/blog/bjj-sensei/index.html,article,https://senseisandy.com/blog/bjj-sensei/,200,true,true,keep,,,Release 4 URL inventory
https://senseisandy.com/blog/bjj-black-belt-degree-time/,src/blog/bjj-black-belt-degree-time/index.html,dist/blog/bjj-black-belt-degree-time/index.html,article,https://senseisandy.com/blog/bjj-black-belt-degree-time/,200,true,true,keep,,,Release 4 URL inventory
https://senseisandy.com/blog/seated-guard-basics/,src/blog/seated-guard-basics/index.html,dist/blog/seated-guard-basics/index.html,article,https://senseisandy.com/blog/seated-guard-basics/,200,true,true,keep,,,Release 4 URL inventory
https://senseisandy.com/blog/sanda-vs-jiu-jitsu/,src/blog/sanda-vs-jiu-jitsu/index.html,dist/blog/sanda-vs-jiu-jitsu/index.html,article,https://senseisandy.com/blog/sanda-vs-jiu-jitsu/,200,true,true,keep,,,Release 4 URL inventory
https://senseisandy.com/blog/kids-martial-arts-haines-falls-beginner-friendly-jiu-jitsu/,src/blog/kids-martial-arts-haines-falls-beginner-friendly-jiu-jitsu/index.html,dist/blog/kids-martial-arts-haines-falls-beginner-friendly-jiu-jitsu/index.html,article,https://senseisandy.com/blog/kids-martial-arts-haines-falls-beginner-friendly-jiu-jitsu/,200,true,true,keep,,,Release 4 URL inventory
https://senseisandy.com/blog/can-you-beat-sensei-without-a-black-belt/,src/blog/can-you-beat-sensei-without-a-black-belt/index.html,dist/blog/can-you-beat-sensei-without-a-black-belt/index.html,article,https://senseisandy.com/blog/can-you-beat-sensei-without-a-black-belt/,200,true,true,keep,,,Release 4 URL inventory
https://senseisandy.com/blog/martial-arts-windham-ny-why-families-pick-jiu-jitsu/,src/blog/martial-arts-windham-ny-why-families-pick-jiu-jitsu/index.html,dist/blog/martial-arts-windham-ny-why-families-pick-jiu-jitsu/index.html,article,https://senseisandy.com/blog/martial-arts-windham-ny-why-families-pick-jiu-jitsu/,200,true,true,keep,,,Release 4 URL inventory
https://senseisandy.com/blog/wrestle-ups-scramble/,src/blog/wrestle-ups-scramble/index.html,dist/blog/wrestle-ups-scramble/index.html,article,https://senseisandy.com/blog/wrestle-ups-scramble/,200,true,true,keep,,,Release 4 URL inventory
https://senseisandy.com/blog/things-to-do-near-hunter-ny-private-bjj-coaching/,src/blog/things-to-do-near-hunter-ny-private-bjj-coaching/index.html,dist/blog/things-to-do-near-hunter-ny-private-bjj-coaching/index.html,article,https://senseisandy.com/blog/things-to-do-near-hunter-ny-private-bjj-coaching/,200,true,true,keep,,,Release 4 URL inventory
https://senseisandy.com/blog/cairo-ny-bjj-specialist/,src/blog/cairo-ny-bjj-specialist/index.html,dist/blog/cairo-ny-bjj-specialist/index.html,article,https://senseisandy.com/blog/cairo-ny-bjj-specialist/,200,true,true,keep,,,Release 4 URL inventory
https://senseisandy.com/blog/tags/youth/,src/blog/tags/youth/index.html,dist/blog/tags/youth/index.html,article,https://senseisandy.com/blog/tags/youth/,200,true,true,keep,,,Release 4 URL inventory
https://senseisandy.com/blog/tags/adult-bjj/,src/blog/tags/adult-bjj/index.html,dist/blog/tags/adult-bjj/index.html,article,https://senseisandy.com/blog/tags/adult-bjj/,200,true,true,keep,,,Release 4 URL inventory
https://senseisandy.com/blog/tags/starting-jiu-jitsu/,src/blog/tags/starting-jiu-jitsu/index.html,dist/blog/tags/starting-jiu-jitsu/index.html,article,https://senseisandy.com/blog/tags/starting-jiu-jitsu/,200,true,true,keep,,,Release 4 URL inventory
https://senseisandy.com/blog/confidence-protocol/,src/blog/confidence-protocol/index.html,dist/blog/confidence-protocol/index.html,article,https://senseisandy.com/blog/confidence-protocol/,200,true,true,keep,,,Release 4 URL inventory
https://senseisandy.com/blog/sensei-mma-bjj/,src/blog/sensei-mma-bjj/index.html,dist/blog/sensei-mma-bjj/index.html,article,https://senseisandy.com/blog/sensei-mma-bjj/,200,true,true,keep,,,Release 4 URL inventory
https://senseisandy.com/blog/bioginastica-movement-no-gi/,src/blog/bioginastica-movement-no-gi/index.html,dist/blog/bioginastica-movement-no-gi/index.html,article,https://senseisandy.com/blog/bioginastica-movement-no-gi/,200,true,true,keep,,,Release 4 URL inventory
https://senseisandy.com/blog/no-gi-windham-ny/,src/blog/no-gi-windham-ny/index.html,dist/blog/no-gi-windham-ny/index.html,article,https://senseisandy.com/blog/no-gi-windham-ny/,200,true,true,keep,,,Release 4 URL inventory
https://senseisandy.com/blog/beginner-friendly-bjj-tannersville-links/,src/blog/beginner-friendly-bjj-tannersville-links/index.html,dist/blog/beginner-friendly-bjj-tannersville-links/index.html,article,https://senseisandy.com/blog/beginner-friendly-bjj-tannersville-links/,200,true,true,keep,,,Release 4 URL inventory
https://senseisandy.com/blog/sanda-vs-jiu-jitsu-for-mma/,src/blog/sanda-vs-jiu-jitsu-for-mma/index.html,dist/blog/sanda-vs-jiu-jitsu-for-mma/index.html,article,https://senseisandy.com/blog/sanda-vs-jiu-jitsu-for-mma/,200,true,true,keep,,,Release 4 URL inventory
https://senseisandy.com/blog/schedule-sensei-reset-protocol/,src/blog/schedule-sensei-reset-protocol/index.html,dist/blog/schedule-sensei-reset-protocol/index.html,article,https://senseisandy.com/blog/schedule-sensei-reset-protocol/,200,true,true,keep,,,Release 4 URL inventory
https://senseisandy.com/blog/schedule-sensei-weekly-template/,src/blog/schedule-sensei-weekly-template/index.html,dist/blog/schedule-sensei-weekly-template/index.html,article,https://senseisandy.com/blog/schedule-sensei-weekly-template/,200,true,true,keep,,,Release 4 URL inventory
https://senseisandy.com/blog/tannersville-bjj-tuesday/,src/blog/tannersville-bjj-tuesday/index.html,dist/blog/tannersville-bjj-tuesday/index.html,article,https://senseisandy.com/blog/tannersville-bjj-tuesday/,200,true,true,keep,,,Release 4 URL inventory
https://senseisandy.com/blog/gi-vs-no-gi-bjj-cheat-code/,src/blog/gi-vs-no-gi-bjj-cheat-code/index.html,dist/blog/gi-vs-no-gi-bjj-cheat-code/index.html,article,https://senseisandy.com/blog/gi-vs-no-gi-bjj-cheat-code/,200,true,true,keep,,,Release 4 URL inventory
https://senseisandy.com/blog/how-to-fall-safely-bjj-breakfalls/,src/blog/how-to-fall-safely-bjj-breakfalls/index.html,dist/blog/how-to-fall-safely-bjj-breakfalls/index.html,article,https://senseisandy.com/blog/how-to-fall-safely-bjj-breakfalls/,200,true,true,keep,,,Release 4 URL inventory
https://senseisandy.com/blog/gi-bjj-windham-ny/,src/blog/gi-bjj-windham-ny/index.html,dist/blog/gi-bjj-windham-ny/index.html,article,https://senseisandy.com/blog/gi-bjj-windham-ny/,200,true,true,keep,,,Release 4 URL inventory
https://senseisandy.com/blog/onteora-park-summer-activities-catskills/,src/blog/onteora-park-summer-activities-catskills/index.html,dist/blog/onteora-park-summer-activities-catskills/index.html,article,https://senseisandy.com/blog/onteora-park-summer-activities-catskills/,200,true,true,keep,,,Release 4 URL inventory
https://senseisandy.com/blog/bjj-promotions-how-often/,src/blog/bjj-promotions-how-often/index.html,dist/blog/bjj-promotions-how-often/index.html,article,https://senseisandy.com/blog/bjj-promotions-how-often/,200,true,true,keep,,,Release 4 URL inventory
https://senseisandy.com/blog/bjj-belts-stripes-promotions/,src/blog/bjj-belts-stripes-promotions/index.html,dist/blog/bjj-belts-stripes-promotions/index.html,article,https://senseisandy.com/blog/bjj-belts-stripes-promotions/,200,true,true,keep,,,Release 4 URL inventory
https://senseisandy.com/blog/neck-cranks-bjj-longevity-guide/,src/blog/neck-cranks-bjj-longevity-guide/index.html,dist/blog/neck-cranks-bjj-longevity-guide/index.html,article,https://senseisandy.com/blog/neck-cranks-bjj-longevity-guide/,200,true,true,keep,,,Release 4 URL inventory
https://senseisandy.com/blog/jiu-jitsu-near-windham-mountain-club-ski-families/,src/blog/jiu-jitsu-near-windham-mountain-club-ski-families/index.html,dist/blog/jiu-jitsu-near-windham-mountain-club-ski-families/index.html,article,https://senseisandy.com/blog/jiu-jitsu-near-windham-mountain-club-ski-families/,200,true,true,keep,,,Release 4 URL inventory
https://senseisandy.com/blog/water-before-training-how-much-when/,src/blog/water-before-training-how-much-when/index.html,dist/blog/water-before-training-how-much-when/index.html,article,https://senseisandy.com/blog/water-before-training-how-much-when/,200,true,true,keep,,,Release 4 URL inventory
https://senseisandy.com/blog/schedule-sensei/,src/blog/schedule-sensei/index.html,dist/blog/schedule-sensei/index.html,article,https://senseisandy.com/blog/schedule-sensei/,200,true,true,keep,,,Release 4 URL inventory
https://senseisandy.com/blog/private-jiu-jitsu-lessons-windham-ny/,src/blog/private-jiu-jitsu-lessons-windham-ny/index.html,dist/blog/private-jiu-jitsu-lessons-windham-ny/index.html,article,https://senseisandy.com/blog/private-jiu-jitsu-lessons-windham-ny/,200,true,true,keep,,,Release 4 URL inventory
https://senseisandy.com/blog/kids-martial-arts-haines-falls/,src/blog/kids-martial-arts-haines-falls/index.html,dist/blog/kids-martial-arts-haines-falls/index.html,article,https://senseisandy.com/blog/kids-martial-arts-haines-falls/,200,true,true,keep,,,Release 4 URL inventory
https://senseisandy.com/blog/sensei-rules/,src/blog/sensei-rules/index.html,dist/blog/sensei-rules/index.html,article,https://senseisandy.com/blog/sensei-rules/,200,true,true,keep,,,Release 4 URL inventory
https://senseisandy.com/blog/snow-day-protocol-bjj-home-dojo/,src/blog/snow-day-protocol-bjj-home-dojo/index.html,dist/blog/snow-day-protocol-bjj-home-dojo/index.html,article,https://senseisandy.com/blog/snow-day-protocol-bjj-home-dojo/,200,true,true,keep,,,Release 4 URL inventory
https://senseisandy.com/blog/what-does-sensei-mean-in-bjj/,src/blog/what-does-sensei-mean-in-bjj/index.html,dist/blog/what-does-sensei-mean-in-bjj/index.html,article,https://senseisandy.com/blog/what-does-sensei-mean-in-bjj/,200,true,true,keep,,,Release 4 URL inventory
https://senseisandy.com/blog/after-school-jiu-jitsu/,src/blog/after-school-jiu-jitsu/index.html,dist/blog/after-school-jiu-jitsu/index.html,article,https://senseisandy.com/blog/after-school-jiu-jitsu/,200,true,true,keep,,,Release 4 URL inventory
https://senseisandy.com/blog/jiu-jitsu-near-windham-mountain-club/,src/blog/jiu-jitsu-near-windham-mountain-club/index.html,dist/blog/jiu-jitsu-near-windham-mountain-club/index.html,article,https://senseisandy.com/blog/jiu-jitsu-near-windham-mountain-club/,200,true,true,keep,,,Release 4 URL inventory
https://senseisandy.com/blog/after-school-jiu-jitsu-calm-routine-catskills/,src/blog/after-school-jiu-jitsu-calm-routine-catskills/index.html,dist/blog/after-school-jiu-jitsu-calm-routine-catskills/index.html,article,https://senseisandy.com/blog/after-school-jiu-jitsu-calm-routine-catskills/,200,true,true,keep,,,Release 4 URL inventory
https://senseisandy.com/blog/teen-jiu-jitsu-hunter-ny/,src/blog/teen-jiu-jitsu-hunter-ny/index.html,dist/blog/teen-jiu-jitsu-hunter-ny/index.html,article,https://senseisandy.com/blog/teen-jiu-jitsu-hunter-ny/,200,true,true,keep,,,Release 4 URL inventory
https://senseisandy.com/blog/bjj-36-techniques/,src/blog/bjj-36-techniques/index.html,dist/blog/bjj-36-techniques/index.html,article,https://senseisandy.com/blog/bjj-36-techniques/,200,true,true,keep,,,Release 4 URL inventory
https://senseisandy.com/blog/spring-fling-is-here/,src/blog/spring-fling-is-here/index.html,dist/blog/spring-fling-is-here/index.html,article,https://senseisandy.com/blog/spring-fling-is-here/,200,true,true,keep,,,Release 4 URL inventory
https://senseisandy.com/blog/bjj-beginners-over-40-catskills/,src/blog/bjj-beginners-over-40-catskills/index.html,dist/blog/bjj-beginners-over-40-catskills/index.html,article,https://senseisandy.com/blog/bjj-beginners-over-40-catskills/,200,true,true,keep,,,Release 4 URL inventory
https://senseisandy.com/blog/bio-ginastica-mobility/,src/blog/bio-ginastica-mobility/index.html,dist/blog/bio-ginastica-mobility/index.html,article,https://senseisandy.com/blog/bio-ginastica-mobility/,200,true,true,keep,,,Release 4 URL inventory
https://senseisandy.com/blog/jiu-jitsu-near-hunter-mountain/,src/blog/jiu-jitsu-near-hunter-mountain/index.html,dist/blog/jiu-jitsu-near-hunter-mountain/index.html,article,https://senseisandy.com/blog/jiu-jitsu-near-hunter-mountain/,200,true,true,keep,,,Release 4 URL inventory
https://senseisandy.com/blog/beginner-friendly-bjj-tannersville-evidence/,src/blog/beginner-friendly-bjj-tannersville-evidence/index.html,dist/blog/beginner-friendly-bjj-tannersville-evidence/index.html,article,https://senseisandy.com/blog/beginner-friendly-bjj-tannersville-evidence/,200,true,true,keep,,,Release 4 URL inventory
https://senseisandy.com/blog/bio-switch-nervous-system/,src/blog/bio-switch-nervous-system/index.html,dist/blog/bio-switch-nervous-system/index.html,article,https://senseisandy.com/blog/bio-switch-nervous-system/,200,true,true,keep,,,Release 4 URL inventory
https://senseisandy.com/snap-down-defense/,src/snap-down-defense/index.html,dist/snap-down-defense/index.html,general,https://senseisandy.com/snap-down-defense/,200,true,true,keep,,,Release 4 URL inventory
https://senseisandy.com/_drafts/mountain-pass-print/,src/_drafts/mountain-pass-print.html,dist/_drafts/mountain-pass-print.html,general,https://senseisandy.com/_drafts/mountain-pass-print/,200,true,true,keep,,,Release 4 URL inventory
https://senseisandy.com/front-headlock-escape/,src/front-headlock-escape/index.html,dist/front-headlock-escape/index.html,general,https://senseisandy.com/front-headlock-escape/,200,true,true,keep,,,Release 4 URL inventory
https://senseisandy.com/confidence-protocol/,src/confidence-protocol/index.html,dist/confidence-protocol/index.html,general,https://senseisandy.com/confidence-protocol/,200,true,true,keep,,,Release 4 URL inventory
https://senseisandy.com/summer-bjj-tannersville/,src/summer-bjj-tannersville/index.html,dist/summer-bjj-tannersville/index.html,general,https://senseisandy.com/summer-bjj-tannersville/,200,true,true,keep,,,Release 4 URL inventory
https://senseisandy.com/sweep-single/,src/sweep-single/index.html,dist/sweep-single/index.html,general,https://senseisandy.com/sweep-single/,200,true,true,keep,,,Release 4 URL inventory
https://senseisandy.com/snippets/webp-picture/,src/snippets/webp-picture.html,dist/snippets/webp-picture.html,general,https://senseisandy.com/snippets/webp-picture/,200,true,true,keep,,,Release 4 URL inventory
https://senseisandy.com/open-mat/,src/open-mat/index.html,dist/open-mat/index.html,general,https://senseisandy.com/open-mat/,200,true,true,keep,,,Release 4 URL inventory
https://senseisandy.com/members/winter-training-plan/,src/members/winter-training-plan/index.html,dist/members/winter-training-plan/index.html,general,https://senseisandy.com/members/winter-training-plan/,200,true,true,keep,,,Release 4 URL inventory
https://senseisandy.com/members/holiday-routine/,src/members/holiday-routine/index.html,dist/members/holiday-routine/index.html,general,https://senseisandy.com/members/holiday-routine/,200,true,true,keep,,,Release 4 URL inventory
https://senseisandy.com/research/marietta-police-bjj-case-summary/,src/research/marietta-police-bjj-case-summary.html,dist/research/marietta-police-bjj-case-summary.html,general,https://senseisandy.com/research/marietta-police-bjj-case-summary/,200,true,true,keep,,,Release 4 URL inventory
https://senseisandy.com/research/law-enforcement-bjj-evidence/,src/research/law-enforcement-bjj-evidence.html,dist/research/law-enforcement-bjj-evidence.html,general,https://senseisandy.com/research/law-enforcement-bjj-evidence/,200,true,true,keep,,,Release 4 URL inventory
https://senseisandy.com/beginner-friendly-bjj-tannersville-links/,src/beginner-friendly-bjj-tannersville-links/index.html,dist/beginner-friendly-bjj-tannersville-links/index.html,general,https://senseisandy.com/beginner-friendly-bjj-tannersville-links/,200,true,true,keep,,,Release 4 URL inventory
https://senseisandy.com/instagram/,src/instagram/index.html,dist/instagram/index.html,general,https://senseisandy.com/instagram/,200,true,true,keep,,,Release 4 URL inventory
https://senseisandy.com/bjj-classes/,src/bjj-classes/index.html,dist/bjj-classes/index.html,location,https://senseisandy.com/bjj-classes/,200,true,true,keep,,,Release 4 URL inventory
https://senseisandy.com/bjj-classes/acra-ny/,src/bjj-classes/acra-ny/index.html,dist/bjj-classes/acra-ny/index.html,location,https://senseisandy.com/bjj-classes/acra-ny/,200,true,true,merge,/bjj-classes/tannersville-ny,,Release 4 URL inventory
https://senseisandy.com/bjj-classes/gilboa-ny/,src/bjj-classes/gilboa-ny/index.html,dist/bjj-classes/gilboa-ny/index.html,location,https://senseisandy.com/bjj-classes/gilboa-ny/,200,true,true,merge,/bjj-classes/tannersville-ny,,Release 4 URL inventory
https://senseisandy.com/bjj-classes/round-top-ny/,src/bjj-classes/round-top-ny/index.html,dist/bjj-classes/round-top-ny/index.html,location,https://senseisandy.com/bjj-classes/round-top-ny/,200,true,true,merge,/bjj-classes/tannersville-ny,,Release 4 URL inventory
https://senseisandy.com/bjj-classes/adults-tannersville-ny/,src/bjj-classes/adults-tannersville-ny/index.html,dist/bjj-classes/adults-tannersville-ny/index.html,location,https://senseisandy.com/bjj-classes/adults-tannersville-ny/,200,true,true,keep,,,Release 4 URL inventory
https://senseisandy.com/bjj-classes/hunter-ny/,src/bjj-classes/hunter-ny/index.html,dist/bjj-classes/hunter-ny/index.html,location,https://senseisandy.com/bjj-classes/hunter-ny/,200,true,true,keep,,,Release 4 URL inventory
https://senseisandy.com/bjj-classes/greenville-ny/,src/bjj-classes/greenville-ny/index.html,dist/bjj-classes/greenville-ny/index.html,location,https://senseisandy.com/bjj-classes/greenville-ny/,200,true,true,merge,/bjj-classes/tannersville-ny,,Release 4 URL inventory
https://senseisandy.com/bjj-classes/grand-gorge-ny/,src/bjj-classes/grand-gorge-ny/index.html,dist/bjj-classes/grand-gorge-ny/index.html,location,https://senseisandy.com/bjj-classes/grand-gorge-ny/,200,true,true,merge,/bjj-classes/tannersville-ny,,Release 4 URL inventory
https://senseisandy.com/bjj-classes/stamford-ny/,src/bjj-classes/stamford-ny/index.html,dist/bjj-classes/stamford-ny/index.html,location,https://senseisandy.com/bjj-classes/stamford-ny/,200,true,true,merge,/bjj-classes/tannersville-ny,,Release 4 URL inventory
https://senseisandy.com/bjj-classes/durham-ny/,src/bjj-classes/durham-ny/index.html,dist/bjj-classes/durham-ny/index.html,location,https://senseisandy.com/bjj-classes/durham-ny/,200,true,true,merge,/bjj-classes/tannersville-ny,,Release 4 URL inventory
https://senseisandy.com/bjj-classes/maplecrest-ny/,src/bjj-classes/maplecrest-ny/index.html,dist/bjj-classes/maplecrest-ny/index.html,location,https://senseisandy.com/bjj-classes/maplecrest-ny/,200,true,true,merge,/bjj-classes/tannersville-ny,,Release 4 URL inventory
https://senseisandy.com/bjj-classes/haines-falls-ny/,src/bjj-classes/haines-falls-ny/index.html,dist/bjj-classes/haines-falls-ny/index.html,location,https://senseisandy.com/bjj-classes/haines-falls-ny/,200,true,true,keep,,,Release 4 URL inventory
https://senseisandy.com/bjj-classes/boiceville-ny/,src/bjj-classes/boiceville-ny/index.html,dist/bjj-classes/boiceville-ny/index.html,location,https://senseisandy.com/bjj-classes/boiceville-ny/,200,true,true,merge,/bjj-classes/tannersville-ny,,Release 4 URL inventory
https://senseisandy.com/bjj-classes/shandaken-ny/,src/bjj-classes/shandaken-ny/index.html,dist/bjj-classes/shandaken-ny/index.html,location,https://senseisandy.com/bjj-classes/shandaken-ny/,200,true,true,merge,/bjj-classes/tannersville-ny,,Release 4 URL inventory
https://senseisandy.com/bjj-classes/cairo-ny/,src/bjj-classes/cairo-ny/index.html,dist/bjj-classes/cairo-ny/index.html,location,https://senseisandy.com/bjj-classes/cairo-ny/,200,true,true,merge,/bjj-classes/tannersville-ny,,Release 4 URL inventory
https://senseisandy.com/bjj-classes/elka-park-ny/,src/bjj-classes/elka-park-ny/index.html,dist/bjj-classes/elka-park-ny/index.html,location,https://senseisandy.com/bjj-classes/elka-park-ny/,200,true,true,merge,/bjj-classes/tannersville-ny,,Release 4 URL inventory
https://senseisandy.com/bjj-classes/schoharie-ny/,src/bjj-classes/schoharie-ny/index.html,dist/bjj-classes/schoharie-ny/index.html,location,https://senseisandy.com/bjj-classes/schoharie-ny/,200,true,true,merge,/bjj-classes/tannersville-ny,,Release 4 URL inventory
https://senseisandy.com/bjj-classes/teens-tannersville-ny/,src/bjj-classes/teens-tannersville-ny/index.html,dist/bjj-classes/teens-tannersville-ny/index.html,location,https://senseisandy.com/bjj-classes/teens-tannersville-ny/,200,true,true,keep,,,Release 4 URL inventory
https://senseisandy.com/bjj-classes/tannersville-ny/,src/bjj-classes/tannersville-ny/index.html,dist/bjj-classes/tannersville-ny/index.html,location,https://senseisandy.com/bjj-classes/tannersville-ny/,200,true,true,keep,,,Release 4 URL inventory
https://senseisandy.com/bjj-classes/leeds-ny/,src/bjj-classes/leeds-ny/index.html,dist/bjj-classes/leeds-ny/index.html,location,https://senseisandy.com/bjj-classes/leeds-ny/,200,true,true,merge,/bjj-classes/tannersville-ny,,Release 4 URL inventory
https://senseisandy.com/bjj-classes/kids-tannersville-ny/,src/bjj-classes/kids-tannersville-ny/index.html,dist/bjj-classes/kids-tannersville-ny/index.html,location,https://senseisandy.com/bjj-classes/kids-tannersville-ny/,200,true,true,keep,,,Release 4 URL inventory
https://senseisandy.com/bjj-classes/saugerties-ny/,src/bjj-classes/saugerties-ny/index.html,dist/bjj-classes/saugerties-ny/index.html,location,https://senseisandy.com/bjj-classes/saugerties-ny/,200,true,true,merge,/bjj-classes/tannersville-ny,,Release 4 URL inventory
https://senseisandy.com/bjj-classes/windham-ny/,src/bjj-classes/windham-ny/index.html,dist/bjj-classes/windham-ny/index.html,location,https://senseisandy.com/bjj-classes/windham-ny/,200,true,true,keep,,,Release 4 URL inventory
https://senseisandy.com/bjj-classes/purling-ny/,src/bjj-classes/purling-ny/index.html,dist/bjj-classes/purling-ny/index.html,location,https://senseisandy.com/bjj-classes/purling-ny/,200,true,true,merge,/bjj-classes/tannersville-ny,,Release 4 URL inventory
https://senseisandy.com/bjj-classes/ashland-ny/,src/bjj-classes/ashland-ny/index.html,dist/bjj-classes/ashland-ny/index.html,location,https://senseisandy.com/bjj-classes/ashland-ny/,200,true,true,merge,/bjj-classes/tannersville-ny,,Release 4 URL inventory
https://senseisandy.com/bjj-classes/coxsackie-ny/,src/bjj-classes/coxsackie-ny/index.html,dist/bjj-classes/coxsackie-ny/index.html,location,https://senseisandy.com/bjj-classes/coxsackie-ny/,200,true,true,merge,/bjj-classes/tannersville-ny,,Release 4 URL inventory
https://senseisandy.com/bjj-classes/prattsville-ny/,src/bjj-classes/prattsville-ny/index.html,dist/bjj-classes/prattsville-ny/index.html,location,https://senseisandy.com/bjj-classes/prattsville-ny/,200,true,true,merge,/bjj-classes/tannersville-ny,,Release 4 URL inventory
https://senseisandy.com/bjj-classes/lanesville-ny/,src/bjj-classes/lanesville-ny/index.html,dist/bjj-classes/lanesville-ny/index.html,location,https://senseisandy.com/bjj-classes/lanesville-ny/,200,true,true,merge,/bjj-classes/tannersville-ny,,Release 4 URL inventory
https://senseisandy.com/bjj-classes/lexington-ny/,src/bjj-classes/lexington-ny/index.html,dist/bjj-classes/lexington-ny/index.html,location,https://senseisandy.com/bjj-classes/lexington-ny/,200,true,true,merge,/bjj-classes/tannersville-ny,,Release 4 URL inventory
https://senseisandy.com/bjj-classes/catskill-ny/,src/bjj-classes/catskill-ny/index.html,dist/bjj-classes/catskill-ny/index.html,location,https://senseisandy.com/bjj-classes/catskill-ny/,200,true,true,merge,/bjj-classes/tannersville-ny,,Release 4 URL inventory
https://senseisandy.com/bjj-classes/shokan-ny/,src/bjj-classes/shokan-ny/index.html,dist/bjj-classes/shokan-ny/index.html,location,https://senseisandy.com/bjj-classes/shokan-ny/,200,true,true,merge,/bjj-classes/tannersville-ny,,Release 4 URL inventory
https://senseisandy.com/bjj-classes/olive-ny/,src/bjj-classes/olive-ny/index.html,dist/bjj-classes/olive-ny/index.html,location,https://senseisandy.com/bjj-classes/olive-ny/,200,true,true,merge,/bjj-classes/tannersville-ny,,Release 4 URL inventory
https://senseisandy.com/bjj-classes/palenville-ny/,src/bjj-classes/palenville-ny/index.html,dist/bjj-classes/palenville-ny/index.html,location,https://senseisandy.com/bjj-classes/palenville-ny/,200,true,true,merge,/bjj-classes/tannersville-ny,,Release 4 URL inventory
https://senseisandy.com/bjj-classes/roxbury-ny/,src/bjj-classes/roxbury-ny/index.html,dist/bjj-classes/roxbury-ny/index.html,location,https://senseisandy.com/bjj-classes/roxbury-ny/,200,true,true,merge,/bjj-classes/tannersville-ny,,Release 4 URL inventory
https://senseisandy.com/assets/sensei-sandy-goal-mapping-implementation/sensei-sandy-goal-mapping/cta-snippets/,src/assets/sensei-sandy-goal-mapping-implementation/sensei-sandy-goal-mapping/cta-snippets.html,dist/assets/sensei-sandy-goal-mapping-implementation/sensei-sandy-goal-mapping/cta-snippets.html,general,https://senseisandy.com/assets/sensei-sandy-goal-mapping-implementation/sensei-sandy-goal-mapping/cta-snippets/,200,true,true,keep,,,Release 4 URL inventory
https://senseisandy.com/free-beginner-jiu-jitsu-intro-kids-teens-tannersville-ny/,src/free-beginner-jiu-jitsu-intro-kids-teens-tannersville-ny/index.html,dist/free-beginner-jiu-jitsu-intro-kids-teens-tannersville-ny/index.html,general,https://senseisandy.com/free-beginner-jiu-jitsu-intro-kids-teens-tannersville-ny/,200,true,true,keep,,,Release 4 URL inventory
https://senseisandy.com/.vscode/curriculum/,src/.vscode/curriculum/index.html,dist/.vscode/curriculum/index.html,general,https://senseisandy.com/.vscode/curriculum/,200,true,true,keep,,,Release 4 URL inventory
https://senseisandy.com/sources/,src/sources/index.html,dist/sources/index.html,general,https://senseisandy.com/sources/,200,true,true,keep,,,Release 4 URL inventory
https://senseisandy.com/sources/clockwork-bjj-instructors/,src/sources/clockwork-bjj-instructors/index.html,dist/sources/clockwork-bjj-instructors/index.html,general,https://senseisandy.com/sources/clockwork-bjj-instructors/,200,true,true,keep,,,Release 4 URL inventory
https://senseisandy.com/sources/cdc-physical-activity/,src/sources/cdc-physical-activity/index.html,dist/sources/cdc-physical-activity/index.html,general,https://senseisandy.com/sources/cdc-physical-activity/,200,true,true,keep,,,Release 4 URL inventory
https://senseisandy.com/sources/marietta-police-bjj/,src/sources/marietta-police-bjj/index.html,dist/sources/marietta-police-bjj/index.html,general,https://senseisandy.com/sources/marietta-police-bjj/,200,true,true,keep,,,Release 4 URL inventory
https://senseisandy.com/sources/kenny-florian/,src/sources/kenny-florian/index.html,dist/sources/kenny-florian/index.html,general,https://senseisandy.com/sources/kenny-florian/,200,true,true,keep,,,Release 4 URL inventory
https://senseisandy.com/sources/gracie-academy/,src/sources/gracie-academy/index.html,dist/sources/gracie-academy/index.html,general,https://senseisandy.com/sources/gracie-academy/,200,true,true,keep,,,Release 4 URL inventory
https://senseisandy.com/sources/kodokan-etiquette/,src/sources/kodokan-etiquette/index.html,dist/sources/kodokan-etiquette/index.html,general,https://senseisandy.com/sources/kodokan-etiquette/,200,true,true,keep,,,Release 4 URL inventory
https://senseisandy.com/bottom-position/,src/bottom-position/index.html,dist/bottom-position/index.html,general,https://senseisandy.com/bottom-position/,200,true,true,keep,,,Release 4 URL inventory
https://senseisandy.com/admin/youth-intro/,src/admin/youth-intro.html,dist/admin/youth-intro.html,general,https://senseisandy.com/admin/youth-intro/,200,true,true,keep,,,Release 4 URL inventory
https://senseisandy.com/free-bjj-intro-tannersville-ny/,src/free-bjj-intro-tannersville-ny/index.html,dist/free-bjj-intro-tannersville-ny/index.html,free_intro,https://senseisandy.com/free-bjj-intro-tannersville-ny/,200,true,true,keep,,,Release 4 URL inventory
https://senseisandy.com/free-bjj-intro-tannersville-ny/teens/,src/free-bjj-intro-tannersville-ny/teens/index.html,dist/free-bjj-intro-tannersville-ny/teens/index.html,free_intro,https://senseisandy.com/free-bjj-intro-tannersville-ny/teens/,200,true,true,keep,,,Release 4 URL inventory
https://senseisandy.com/free-bjj-intro-tannersville-ny/confirmation/,src/free-bjj-intro-tannersville-ny/confirmation/index.njk,dist/free-bjj-intro-tannersville-ny/confirmation/index.html,confirmation,https://senseisandy.com/free-bjj-intro-tannersville-ny/confirmation/,200,false,false,keep,,,Release 4 URL inventory
https://senseisandy.com/free-bjj-intro-tannersville-ny/kids/,src/free-bjj-intro-tannersville-ny/kids/index.html,dist/free-bjj-intro-tannersville-ny/kids/index.html,free_intro,https://senseisandy.com/free-bjj-intro-tannersville-ny/kids/,200,true,true,keep,,,Release 4 URL inventory
https://senseisandy.com/free-bjj-intro-tannersville-ny/adults/,src/free-bjj-intro-tannersville-ny/adults/index.html,dist/free-bjj-intro-tannersville-ny/adults/index.html,free_intro,https://senseisandy.com/free-bjj-intro-tannersville-ny/adults/,200,true,true,keep,,,Release 4 URL inventory
https://senseisandy.com/back-to-school-bjj-tannersville/,src/back-to-school-bjj-tannersville/index.html,dist/back-to-school-bjj-tannersville/index.html,general,https://senseisandy.com/back-to-school-bjj-tannersville/,200,true,true,keep,,,Release 4 URL inventory
https://senseisandy.com/partials/booking-router/,src/partials/booking-router.html,dist/partials/booking-router.html,general,https://senseisandy.com/partials/booking-router/,200,true,true,keep,,,Release 4 URL inventory
https://senseisandy.com/partials/nearby-areas-links/,src/partials/nearby-areas-links.html,dist/partials/nearby-areas-links.html,general,https://senseisandy.com/partials/nearby-areas-links/,200,true,true,keep,,,Release 4 URL inventory
https://senseisandy.com/partials/evidence-accordion-leo/,src/partials/evidence-accordion-leo.html,dist/partials/evidence-accordion-leo.html,general,https://senseisandy.com/partials/evidence-accordion-leo/,200,true,true,keep,,,Release 4 URL inventory
https://senseisandy.com/partials/first-class-expectations/,src/partials/first-class-expectations.html,dist/partials/first-class-expectations.html,general,https://senseisandy.com/partials/first-class-expectations/,200,true,true,keep,,,Release 4 URL inventory
https://senseisandy.com/partials/video-featured-adults/,src/partials/video-featured-adults.html,dist/partials/video-featured-adults.html,general,https://senseisandy.com/partials/video-featured-adults/,200,true,true,keep,,,Release 4 URL inventory
https://senseisandy.com/partials/voice-faq-home/,src/partials/voice-faq-home.html,dist/partials/voice-faq-home.html,general,https://senseisandy.com/partials/voice-faq-home/,200,true,true,keep,,,Release 4 URL inventory
https://senseisandy.com/partials/trust-signals/,src/partials/trust-signals.html,dist/partials/trust-signals.html,general,https://senseisandy.com/partials/trust-signals/,200,true,true,keep,,,Release 4 URL inventory
https://senseisandy.com/partials/voice-faq-private/,src/partials/voice-faq-private.html,dist/partials/voice-faq-private.html,general,https://senseisandy.com/partials/voice-faq-private/,200,true,true,keep,,,Release 4 URL inventory
https://senseisandy.com/partials/priority-internal-links/,src/partials/priority-internal-links.html,dist/partials/priority-internal-links.html,general,https://senseisandy.com/partials/priority-internal-links/,200,true,true,keep,,,Release 4 URL inventory
https://senseisandy.com/partials/location-and-reviews/,src/partials/location-and-reviews.html,dist/partials/location-and-reviews.html,general,https://senseisandy.com/partials/location-and-reviews/,200,true,true,keep,,,Release 4 URL inventory
https://senseisandy.com/partials/blog-related-posts/,src/partials/blog-related-posts.html,dist/partials/blog-related-posts.html,general,https://senseisandy.com/partials/blog-related-posts/,200,true,true,keep,,,Release 4 URL inventory
https://senseisandy.com/partials/local-destination-proof/,src/partials/local-destination-proof.html,dist/partials/local-destination-proof.html,general,https://senseisandy.com/partials/local-destination-proof/,200,true,true,keep,,,Release 4 URL inventory
https://senseisandy.com/partials/schedule-consistency/,src/partials/schedule-consistency.html,dist/partials/schedule-consistency.html,general,https://senseisandy.com/partials/schedule-consistency/,200,true,true,keep,,,Release 4 URL inventory
https://senseisandy.com/partials/voice-faq-teens/,src/partials/voice-faq-teens.html,dist/partials/voice-faq-teens.html,general,https://senseisandy.com/partials/voice-faq-teens/,200,true,true,keep,,,Release 4 URL inventory
https://senseisandy.com/partials/video-featured-teens/,src/partials/video-featured-teens.html,dist/partials/video-featured-teens.html,general,https://senseisandy.com/partials/video-featured-teens/,200,true,true,keep,,,Release 4 URL inventory
https://senseisandy.com/partials/blog-topic-cluster-links/,src/partials/blog-topic-cluster-links.html,dist/partials/blog-topic-cluster-links.html,general,https://senseisandy.com/partials/blog-topic-cluster-links/,200,true,true,keep,,,Release 4 URL inventory
https://senseisandy.com/partials/video-featured-kids/,src/partials/video-featured-kids.html,dist/partials/video-featured-kids.html,general,https://senseisandy.com/partials/video-featured-kids/,200,true,true,keep,,,Release 4 URL inventory
https://senseisandy.com/partials/fact-shield-core/,src/partials/fact-shield-core.html,dist/partials/fact-shield-core.html,general,https://senseisandy.com/partials/fact-shield-core/,200,true,true,keep,,,Release 4 URL inventory
https://senseisandy.com/partials/home-seasonal-promo/,src/partials/home-seasonal-promo.html,dist/partials/home-seasonal-promo.html,general,https://senseisandy.com/partials/home-seasonal-promo/,200,true,true,keep,,,Release 4 URL inventory
https://senseisandy.com/partials/evidence-accordion-adults/,src/partials/evidence-accordion-adults.html,dist/partials/evidence-accordion-adults.html,general,https://senseisandy.com/partials/evidence-accordion-adults/,200,true,true,keep,,,Release 4 URL inventory
https://senseisandy.com/partials/next-step-funnel/,src/partials/next-step-funnel.html,dist/partials/next-step-funnel.html,general,https://senseisandy.com/partials/next-step-funnel/,200,true,true,keep,,,Release 4 URL inventory
https://senseisandy.com/partials/evidence-accordion-kids/,src/partials/evidence-accordion-kids.html,dist/partials/evidence-accordion-kids.html,general,https://senseisandy.com/partials/evidence-accordion-kids/,200,true,true,keep,,,Release 4 URL inventory
https://senseisandy.com/partials/popular-paths/,src/partials/popular-paths.html,dist/partials/popular-paths.html,general,https://senseisandy.com/partials/popular-paths/,200,true,true,keep,,,Release 4 URL inventory
https://senseisandy.com/partials/evidence-accordion-teens/,src/partials/evidence-accordion-teens.html,dist/partials/evidence-accordion-teens.html,general,https://senseisandy.com/partials/evidence-accordion-teens/,200,true,true,keep,,,Release 4 URL inventory
https://senseisandy.com/partials/reviews-village/,src/partials/reviews-village.html,dist/partials/reviews-village.html,general,https://senseisandy.com/partials/reviews-village/,200,true,true,keep,,,Release 4 URL inventory
https://senseisandy.com/partials/why-beginners-book-here/,src/partials/why-beginners-book-here.html,dist/partials/why-beginners-book-here.html,general,https://senseisandy.com/partials/why-beginners-book-here/,200,true,true,keep,,,Release 4 URL inventory
https://senseisandy.com/partials/simple-cta/,src/partials/simple-cta.html,dist/partials/simple-cta.html,general,https://senseisandy.com/partials/simple-cta/,200,true,true,keep,,,Release 4 URL inventory
https://senseisandy.com/partials/proof-strip/,src/partials/proof-strip.html,dist/partials/proof-strip.html,general,https://senseisandy.com/partials/proof-strip/,200,true,true,keep,,,Release 4 URL inventory
https://senseisandy.com/partials/video-featured-programs/,src/partials/video-featured-programs.html,dist/partials/video-featured-programs.html,general,https://senseisandy.com/partials/video-featured-programs/,200,true,true,keep,,,Release 4 URL inventory
https://senseisandy.com/partials/conversion-rail/,src/partials/conversion-rail.html,dist/partials/conversion-rail.html,general,https://senseisandy.com/partials/conversion-rail/,200,true,true,keep,,,Release 4 URL inventory
https://senseisandy.com/partials/problem-state-intro/,src/partials/problem-state-intro.html,dist/partials/problem-state-intro.html,general,https://senseisandy.com/partials/problem-state-intro/,200,true,true,keep,,,Release 4 URL inventory
https://senseisandy.com/partials/proof-carousel/,src/partials/proof-carousel.html,dist/partials/proof-carousel.html,general,https://senseisandy.com/partials/proof-carousel/,200,true,true,keep,,,Release 4 URL inventory
https://senseisandy.com/partials/voice-faq-kids/,src/partials/voice-faq-kids.html,dist/partials/voice-faq-kids.html,general,https://senseisandy.com/partials/voice-faq-kids/,200,true,true,keep,,,Release 4 URL inventory
https://senseisandy.com/partials/evidence-quote-block/,src/partials/evidence-quote-block.html,dist/partials/evidence-quote-block.html,general,https://senseisandy.com/partials/evidence-quote-block/,200,true,true,keep,,,Release 4 URL inventory
https://senseisandy.com/partials/voice-faq-schedule/,src/partials/voice-faq-schedule.html,dist/partials/voice-faq-schedule.html,general,https://senseisandy.com/partials/voice-faq-schedule/,200,true,true,keep,,,Release 4 URL inventory
https://senseisandy.com/partials/video-featured-show-up-kit/,src/partials/video-featured-show-up-kit.html,dist/partials/video-featured-show-up-kit.html,general,https://senseisandy.com/partials/video-featured-show-up-kit/,200,true,true,keep,,,Release 4 URL inventory
https://senseisandy.com/partials/voice-faq-local/,src/partials/voice-faq-local.html,dist/partials/voice-faq-local.html,general,https://senseisandy.com/partials/voice-faq-local/,200,true,true,keep,,,Release 4 URL inventory
https://senseisandy.com/partials/video-featured-schedule/,src/partials/video-featured-schedule.html,dist/partials/video-featured-schedule.html,general,https://senseisandy.com/partials/video-featured-schedule/,200,true,true,keep,,,Release 4 URL inventory
https://senseisandy.com/partials/faq-component/,src/partials/faq-component.html,dist/partials/faq-component.html,general,https://senseisandy.com/partials/faq-component/,200,true,true,keep,,,Release 4 URL inventory
https://senseisandy.com/partials/links-quote-block/,src/partials/links-quote-block.html,dist/partials/links-quote-block.html,general,https://senseisandy.com/partials/links-quote-block/,200,true,true,keep,,,Release 4 URL inventory
https://senseisandy.com/partials/current-schedule/,src/partials/current-schedule.html,dist/partials/current-schedule.html,general,https://senseisandy.com/partials/current-schedule/,200,true,true,keep,,,Release 4 URL inventory
https://senseisandy.com/partials/blog-start-training-links/,src/partials/blog-start-training-links.html,dist/partials/blog-start-training-links.html,general,https://senseisandy.com/partials/blog-start-training-links/,200,true,true,keep,,,Release 4 URL inventory
https://senseisandy.com/partials/evidence-accordion-hub/,src/partials/evidence-accordion-hub.html,dist/partials/evidence-accordion-hub.html,general,https://senseisandy.com/partials/evidence-accordion-hub/,200,true,true,keep,,,Release 4 URL inventory
https://senseisandy.com/partials/video-featured-home/,src/partials/video-featured-home.html,dist/partials/video-featured-home.html,general,https://senseisandy.com/partials/video-featured-home/,200,true,true,keep,,,Release 4 URL inventory
https://senseisandy.com/updates/,src/updates/index.html,dist/updates/index.html,general,https://senseisandy.com/updates/,200,true,true,keep,,,Release 4 URL inventory
