"URL","HTTP Status","Robots Meta","Canonical","Page Title","X-Robots-Tag","Internal Links In","Word Count","Search Purpose","Action","Final Robots","Redirect Target","Sitemap","Last Modified","Reason"
"https://senseisandy.com/","200","index, follow","https://senseisandy.com/","Sensei Sandy Jiu-Jitsu | Sandy Jiu Jitsu Tannersville NY","","258","1014","core","INDEX","index, follow","","yes","2026-07-29",""
"https://senseisandy.com/6-week-test-drive","301","noindex, follow","https://senseisandy.com/free-bjj-intro-tannersville-ny","","","0","","archive","REDIRECT","","https://senseisandy.com/free-bjj-intro-tannersville-ny","no","2026-07-29",""
"https://senseisandy.com/adult","301","noindex, follow","https://senseisandy.com/adult-bjj","","","0","","archive","REDIRECT","","https://senseisandy.com/adult-bjj","no","2026-07-29",""
"https://senseisandy.com/adults","301","noindex, follow","https://senseisandy.com/adult-bjj","","","0","","archive","REDIRECT","","https://senseisandy.com/adult-bjj","no","2026-07-29",""
"https://senseisandy.com/adults-bjj","301","noindex, follow","https://senseisandy.com/adult-bjj","","","0","","archive","REDIRECT","","https://senseisandy.com/adult-bjj","no","2026-07-29",""
"https://senseisandy.com/after-booking-promise","200","index, follow","https://senseisandy.com/after-booking-promise","","","0","161","core","INDEX","index, follow","","yes","2026-07-29",""
"https://senseisandy.com/after-school","200","index, follow","https://senseisandy.com/after-school","After-School Martial Arts &amp; BJJ | Sensei Sandy BJJ","","3","657","core","INDEX","index, follow","","yes","2026-07-29",""
"https://senseisandy.com/annual-track","410","noindex, follow","https://senseisandy.com/annual-track","Annual Track | Sensei Sandy BJJ","","0","504","core","REMOVE","","","no","2026-07-29",""
"https://senseisandy.com/anti-bully","301","noindex, follow","https://senseisandy.com/bully-proof-jiu-jitsu-tannersville-ny","","","0","","archive","REDIRECT","","https://senseisandy.com/bully-proof-jiu-jitsu-tannersville-ny","no","2026-07-29",""
"https://senseisandy.com/antibully","301","noindex, follow","https://senseisandy.com/bully-proof-jiu-jitsu-tannersville-ny","","","0","","archive","REDIRECT","","https://senseisandy.com/bully-proof-jiu-jitsu-tannersville-ny","no","2026-07-29",""
"https://senseisandy.com/back-to-school-bjj-tannersville","200","index, follow","https://senseisandy.com/back-to-school-bjj-tannersville","Back-to-School BJJ Routine | Sensei Sandy BJJ Tannersville NY","","1","1081","core","INDEX","index, follow","","yes","2026-07-29",""
"https://senseisandy.com/beginner-friendly-bjj-tannersville-links","200","index, follow","https://senseisandy.com/blog/beginner-friendly-bjj-tannersville-links","Beginner Friendly BJJ in Tannersville NY: Resources &amp;amp; Links | Sensei Sandy BJJ","","0","1056","core","NOINDEX, FOLLOW","noindex, follow","","no","2026-07-29",""
"https://senseisandy.com/bio","200","index, follow","https://senseisandy.com/bio","Sensei Sandy Bio | Sandy Jiu-Jitsu BJJ Black Belt Coach","","357","509","core","INDEX","index, follow","","yes","2026-07-29",""
"https://senseisandy.com/bios","301","noindex, follow","https://senseisandy.com/bio","","","0","","archive","REDIRECT","","https://senseisandy.com/bio","no","2026-07-29",""
"https://senseisandy.com/birthday-parties","200","index, follow","https://senseisandy.com/birthday-parties","Kids Birthday Parties in Tannersville, NY | Sensei Sandy BJJ","","2","1376","core","INDEX","index, follow","","yes","2026-07-29",""
"https://senseisandy.com/bjj_anatomy_game","200","index, follow","https://senseisandy.com/bjj_anatomy_game","BJJ Anatomy Quiz for Safer Training | Sensei Sandy BJJ","","0","397","core","INDEX","index, follow","","yes","2026-07-29",""
"https://senseisandy.com/bjj-anatomy-quiz","200","noindex, follow","https://senseisandy.com/bjj-anatomy-quiz","BJJ Anatomy Quiz for Safer Training | Sensei Sandy BJJ","","0","395","core","NOINDEX, FOLLOW","noindex, follow","","no","2026-07-29",""
"https://senseisandy.com/bjj-classes","200","noindex, follow","https://senseisandy.com/bjj-classes","BJJ Classes Near Tannersville, NY | Sensei Sandy BJJ","","350","579","program","NOINDEX, FOLLOW","noindex, follow","","no","2026-07-29",""
"https://senseisandy.com/bjj-classes-tannersville-ny","301","noindex, follow","https://senseisandy.com/programs","","","0","","archive","REDIRECT","","https://senseisandy.com/programs","no","2026-07-29",""
"https://senseisandy.com/bjj-classes/acra-ny","410","noindex, follow","https://senseisandy.com/bjj-classes/acra-ny","Brazilian Jiu-Jitsu in Acra, NY | Sensei Sandy BJJ","","1","1104","location","REMOVE","","","no","2026-07-29",""
"https://senseisandy.com/bjj-classes/adults-tannersville-ny","200","index, follow","https://senseisandy.com/bjj-classes/adults-tannersville-ny","Adult Jiu-Jitsu in Tannersville | Sensei Sandy BJJ","","498","1475","program","INDEX","index, follow","","yes","2026-07-29",""
"https://senseisandy.com/bjj-classes/ashland-ny","410","noindex, follow","https://senseisandy.com/bjj-classes/ashland-ny","Brazilian Jiu-Jitsu in Ashland, NY | Sensei Sandy BJJ","","1","1096","location","REMOVE","","","no","2026-07-29",""
"https://senseisandy.com/bjj-classes/boiceville-ny","410","noindex, follow","https://senseisandy.com/bjj-classes/boiceville-ny","Brazilian Jiu-Jitsu in Boiceville, NY | Sensei Sandy BJJ","","1","1111","location","REMOVE","","","no","2026-07-29",""
"https://senseisandy.com/bjj-classes/cairo-ny","200","index, follow","https://senseisandy.com/bjj-classes/cairo-ny","Brazilian Jiu-Jitsu Near Cairo, NY | Sensei Sandy BJJ","","3","677","location","INDEX","index, follow","","yes","2026-07-29",""
"https://senseisandy.com/bjj-classes/catskill-ny","200","index, follow","https://senseisandy.com/bjj-classes/catskill-ny","Brazilian Jiu-Jitsu Near Catskill, NY | Sensei Sandy BJJ","","3","714","location","INDEX","index, follow","","yes","2026-07-29",""
"https://senseisandy.com/bjj-classes/coxsackie-ny","410","noindex, follow","https://senseisandy.com/bjj-classes/coxsackie-ny","Brazilian Jiu-Jitsu in Coxsackie, NY | Sensei Sandy BJJ","","1","1114","location","REMOVE","","","no","2026-07-29",""
"https://senseisandy.com/bjj-classes/durham-ny","410","noindex, follow","https://senseisandy.com/bjj-classes/durham-ny","Brazilian Jiu-Jitsu in Durham, NY | Sensei Sandy BJJ","","1","1116","location","REMOVE","","","no","2026-07-29",""
"https://senseisandy.com/bjj-classes/elka-park-ny","410","noindex, follow","https://senseisandy.com/bjj-classes/elka-park-ny","Brazilian Jiu-Jitsu in Elka Park, NY | Sensei Sandy BJJ","","1","1112","location","REMOVE","","","no","2026-07-29",""
"https://senseisandy.com/bjj-classes/gilboa-ny","410","noindex, follow","https://senseisandy.com/bjj-classes/gilboa-ny","Brazilian Jiu-Jitsu in Gilboa, NY | Sensei Sandy BJJ","","1","1106","location","REMOVE","","","no","2026-07-29",""
"https://senseisandy.com/bjj-classes/grand-gorge-ny","410","noindex, follow","https://senseisandy.com/bjj-classes/grand-gorge-ny","Brazilian Jiu-Jitsu in Grand Gorge, NY | Sensei Sandy BJJ","","1","1115","location","REMOVE","","","no","2026-07-29",""
"https://senseisandy.com/bjj-classes/greenville-ny","410","noindex, follow","https://senseisandy.com/bjj-classes/greenville-ny","Brazilian Jiu-Jitsu in Greenville, NY | Sensei Sandy BJJ","","1","1113","location","REMOVE","","","no","2026-07-29",""
"https://senseisandy.com/bjj-classes/haines-falls-ny","200","index, follow","https://senseisandy.com/bjj-classes/haines-falls-ny","Haines Falls Jiu-Jitsu &amp;amp; Kids Martial Arts | Sensei Sandy BJJ","","358","701","location","INDEX","index, follow","","yes","2026-07-29",""
"https://senseisandy.com/bjj-classes/hunter-ny","200","index, follow","https://senseisandy.com/bjj-classes/hunter-ny","Hunter NY Martial Arts &amp; BJJ Schedule | Sensei Sandy BJJ","","366","748","location","INDEX","index, follow","","yes","2026-07-29",""
"https://senseisandy.com/bjj-classes/kids-tannersville-ny","200","index, follow","https://senseisandy.com/bjj-classes/kids-tannersville-ny","Kids Jiu-Jitsu in Tannersville | Sensei Sandy BJJ","","503","667","program","INDEX","index, follow","","yes","2026-07-29",""
"https://senseisandy.com/bjj-classes/lanesville-ny","410","noindex, follow","https://senseisandy.com/bjj-classes/lanesville-ny","Brazilian Jiu-Jitsu in Lanesville, NY | Sensei Sandy BJJ","","1","1093","location","REMOVE","","","no","2026-07-29",""
"https://senseisandy.com/bjj-classes/leeds-ny","410","noindex, follow","https://senseisandy.com/bjj-classes/leeds-ny","Brazilian Jiu-Jitsu in Leeds, NY | Sensei Sandy BJJ","","1","1117","location","REMOVE","","","no","2026-07-29",""
"https://senseisandy.com/bjj-classes/lexington-ny","410","noindex, follow","https://senseisandy.com/bjj-classes/lexington-ny","Brazilian Jiu-Jitsu in Lexington, NY | Sensei Sandy BJJ","","1","1096","location","REMOVE","","","no","2026-07-29",""
"https://senseisandy.com/bjj-classes/maplecrest-ny","410","noindex, follow","https://senseisandy.com/bjj-classes/maplecrest-ny","Brazilian Jiu-Jitsu in Maplecrest, NY | Sensei Sandy BJJ","","1","1091","location","REMOVE","","","no","2026-07-29",""
"https://senseisandy.com/bjj-classes/olive-ny","410","noindex, follow","https://senseisandy.com/bjj-classes/olive-ny","Brazilian Jiu-Jitsu in Olive, NY | Sensei Sandy BJJ","","1","1123","location","REMOVE","","","no","2026-07-29",""
"https://senseisandy.com/bjj-classes/palenville-ny","200","index, follow","https://senseisandy.com/bjj-classes/palenville-ny","Brazilian Jiu-Jitsu Near Palenville, NY | Sensei Sandy BJJ","","3","688","location","INDEX","index, follow","","yes","2026-07-29",""
"https://senseisandy.com/bjj-classes/prattsville-ny","410","noindex, follow","https://senseisandy.com/bjj-classes/prattsville-ny","Brazilian Jiu-Jitsu in Prattsville, NY | Sensei Sandy BJJ","","1","1099","location","REMOVE","","","no","2026-07-29",""
"https://senseisandy.com/bjj-classes/purling-ny","410","noindex, follow","https://senseisandy.com/bjj-classes/purling-ny","Brazilian Jiu-Jitsu in Purling, NY | Sensei Sandy BJJ","","1","1095","location","REMOVE","","","no","2026-07-29",""
"https://senseisandy.com/bjj-classes/round-top-ny","410","noindex, follow","https://senseisandy.com/bjj-classes/round-top-ny","Brazilian Jiu-Jitsu in Round Top, NY | Sensei Sandy BJJ","","1","1111","location","REMOVE","","","no","2026-07-29",""
"https://senseisandy.com/bjj-classes/roxbury-ny","410","noindex, follow","https://senseisandy.com/bjj-classes/roxbury-ny","Brazilian Jiu-Jitsu in Roxbury, NY | Sensei Sandy BJJ","","1","1121","location","REMOVE","","","no","2026-07-29",""
"https://senseisandy.com/bjj-classes/saugerties-ny","410","noindex, follow","https://senseisandy.com/bjj-classes/saugerties-ny","Brazilian Jiu-Jitsu in Saugerties, NY | Sensei Sandy BJJ","","1","1111","location","REMOVE","","","no","2026-07-29",""
"https://senseisandy.com/bjj-classes/schoharie-ny","410","noindex, follow","https://senseisandy.com/bjj-classes/schoharie-ny","Brazilian Jiu-Jitsu in Schoharie, NY | Sensei Sandy BJJ","","1","1117","location","REMOVE","","","no","2026-07-29",""
"https://senseisandy.com/bjj-classes/shandaken-ny","410","noindex, follow","https://senseisandy.com/bjj-classes/shandaken-ny","Brazilian Jiu-Jitsu in Shandaken, NY | Sensei Sandy BJJ","","1","1120","location","REMOVE","","","no","2026-07-29",""
"https://senseisandy.com/bjj-classes/shokan-ny","410","noindex, follow","https://senseisandy.com/bjj-classes/shokan-ny","Brazilian Jiu-Jitsu in Shokan, NY | Sensei Sandy BJJ","","1","1118","location","REMOVE","","","no","2026-07-29",""
"https://senseisandy.com/bjj-classes/stamford-ny","410","noindex, follow","https://senseisandy.com/bjj-classes/stamford-ny","Brazilian Jiu-Jitsu in Stamford, NY | Sensei Sandy BJJ","","1","1108","location","REMOVE","","","no","2026-07-29",""
"https://senseisandy.com/bjj-classes/tannersville-ny","200","index, follow","https://senseisandy.com/bjj-classes/tannersville-ny","Brazilian Jiu-Jitsu in Tannersville, NY | Sensei Sandy BJJ","","355","686","location","INDEX","index, follow","","yes","2026-07-29",""
"https://senseisandy.com/bjj-classes/teens-tannersville-ny","200","index, follow","https://senseisandy.com/bjj-classes/teens-tannersville-ny","Teen Self-Defense &amp;amp; Jiu-Jitsu Tannersville NY | Sensei Sandy","","486","630","program","INDEX","index, follow","","yes","2026-07-29",""
"https://senseisandy.com/bjj-classes/windham-ny","200","index, follow","https://senseisandy.com/bjj-classes/windham-ny","Windham NY Jiu-Jitsu &amp; Martial Arts | Sensei Sandy BJJ","","374","753","location","INDEX","index, follow","","yes","2026-07-29",""
"https://senseisandy.com/bjj-faqs","200","index, follow","https://senseisandy.com/bjj-faqs","BJJ FAQs &amp;amp; Instructor Lineage | Sensei Sandy Tannersville NY","","357","1289","core","INDEX","index, follow","","yes","2026-07-29",""
"https://senseisandy.com/bjj-glossary","200","index, follow","https://senseisandy.com/bjj-glossary","BJJ Glossary | Sensei Sandy BJJ","","1554","5867","glossary","INDEX","index, follow","","yes","2026-07-29",""
"https://senseisandy.com/bjj-glossary/ankle-lock","200","index, follow","https://senseisandy.com/bjj-glossary/ankle-lock","Ankle Lock in BJJ: Meaning, Basics, and Why It Matters","","15","640","glossary","INDEX","index, follow","","yes","2026-07-29",""
"https://senseisandy.com/bjj-glossary/ankle-pick","200","index, follow","https://senseisandy.com/bjj-glossary/ankle-pick","Ankle Pick in BJJ: Meaning, Basics, and Why It Matters","","4","680","glossary","INDEX","index, follow","","yes","2026-07-29",""
"https://senseisandy.com/bjj-glossary/anti-bullying","301","noindex, follow","https://senseisandy.com/bjj-glossary/bully-proof","","","0","","archive","REDIRECT","","https://senseisandy.com/bjj-glossary/bully-proof","no","2026-07-29",""
"https://senseisandy.com/bjj-glossary/arm-drag","200","index, follow","https://senseisandy.com/bjj-glossary/arm-drag","Arm Drag in BJJ: Meaning, Basics, and Why It Matters","","37","650","glossary","INDEX","index, follow","","yes","2026-07-29",""
"https://senseisandy.com/bjj-glossary/armbar","200","index, follow","https://senseisandy.com/bjj-glossary/armbar","Armbar in BJJ: Meaning, Basics, and Why It Matters","","45","614","glossary","INDEX","index, follow","","yes","2026-07-29",""
"https://senseisandy.com/bjj-glossary/back-control","200","index, follow","https://senseisandy.com/bjj-glossary/back-control","Back Control in BJJ: Meaning, Basics, and Why It Matters","","70","600","glossary","INDEX","index, follow","","yes","2026-07-29",""
"https://senseisandy.com/bjj-glossary/back-defense","200","index, follow","https://senseisandy.com/bjj-glossary/back-defense","Back Defense in BJJ: Meaning, Basics, and Why It Matters","","11","658","glossary","INDEX","index, follow","","yes","2026-07-29",""
"https://senseisandy.com/bjj-glossary/back-take","200","index, follow","https://senseisandy.com/bjj-glossary/back-take","Back Take in BJJ: Meaning, Basics, and Why It Matters","","20","675","glossary","INDEX","index, follow","","yes","2026-07-29",""
"https://senseisandy.com/bjj-glossary/backstep-pass","200","index, follow","https://senseisandy.com/bjj-glossary/backstep-pass","Backstep Pass in BJJ: Meaning, Basics, and Why It Matters","","4","708","glossary","INDEX","index, follow","","yes","2026-07-29",""
"https://senseisandy.com/bjj-glossary/base","200","index, follow","https://senseisandy.com/bjj-glossary/base","Base in BJJ: Meaning, Basics, and Why It Matters","","50","576","glossary","INDEX","index, follow","","yes","2026-07-29",""
"https://senseisandy.com/bjj-glossary/beginner-lane","200","index, follow","https://senseisandy.com/bjj-glossary/beginner-lane","Beginner Lane in BJJ: Meaning, Basics, and Why It Matters","","6","608","glossary","INDEX","index, follow","","yes","2026-07-29",""
"https://senseisandy.com/bjj-glossary/beginner-on-ramp","301","noindex, follow","https://senseisandy.com/bjj-glossary/beginner-lane","","","0","","archive","REDIRECT","","https://senseisandy.com/bjj-glossary/beginner-lane","no","2026-07-29",""
"https://senseisandy.com/bjj-glossary/bjj-safety","301","noindex, follow","https://senseisandy.com/bjj-glossary/safety","","","0","","archive","REDIRECT","","https://senseisandy.com/bjj-glossary/safety","no","2026-07-29",""
"https://senseisandy.com/bjj-glossary/body-lock","200","index, follow","https://senseisandy.com/bjj-glossary/body-lock","Body Lock in BJJ: Meaning, Basics, and Why It Matters","","46","640","glossary","INDEX","index, follow","","yes","2026-07-29",""
"https://senseisandy.com/bjj-glossary/body-lock-pass","200","index, follow","https://senseisandy.com/bjj-glossary/body-lock-pass","Body-Lock Pass in BJJ: Meaning, Basics, and Why It Matters","","2","683","glossary","INDEX","index, follow","","yes","2026-07-29",""
"https://senseisandy.com/bjj-glossary/bottom-position","200","noindex, follow","https://senseisandy.com/bjj-glossary/bottom-position","Bottom Position in BJJ | Sensei Sandy BJJ","","10","619","glossary","NOINDEX, FOLLOW","noindex, follow","","no","2026-07-29",""
"https://senseisandy.com/bjj-glossary/bridge","200","index, follow","https://senseisandy.com/bjj-glossary/bridge","Bridge in BJJ: Meaning, Basics, and Why It Matters","","17","586","glossary","INDEX","index, follow","","yes","2026-07-29",""
"https://senseisandy.com/bjj-glossary/bridge-and-roll","301","noindex, follow","https://senseisandy.com/bjj-glossary/upa-escape","","","0","","archive","REDIRECT","","https://senseisandy.com/bjj-glossary/upa-escape","no","2026-07-29",""
"https://senseisandy.com/bjj-glossary/bully-proof","200","index, follow","https://senseisandy.com/bjj-glossary/bully-proof","Bully Proof in BJJ: Meaning, Basics, and Why It Matters","","5","597","glossary","INDEX","index, follow","","yes","2026-07-29",""
"https://senseisandy.com/bjj-glossary/bullyproof","301","noindex, follow","https://senseisandy.com/bjj-glossary/bully-proof","","","0","","archive","REDIRECT","","https://senseisandy.com/bjj-glossary/bully-proof","no","2026-07-29",""
"https://senseisandy.com/bjj-glossary/butterfly-guard","200","index, follow","https://senseisandy.com/bjj-glossary/butterfly-guard","Butterfly Guard in BJJ: Meaning, Basics, and Why It Matters","","16","607","glossary","INDEX","index, follow","","yes","2026-07-29",""
"https://senseisandy.com/bjj-glossary/butterfly-hook","200","index, follow","https://senseisandy.com/bjj-glossary/butterfly-hook","Butterfly Hook in BJJ: Meaning, Basics, and Why It Matters","","13","617","glossary","INDEX","index, follow","","yes","2026-07-29",""
"https://senseisandy.com/bjj-glossary/butterfly-sweep","200","index, follow","https://senseisandy.com/bjj-glossary/butterfly-sweep","Butterfly Sweep in BJJ: Meaning, Basics, and Why It Matters","","3","673","glossary","INDEX","index, follow","","yes","2026-07-29",""
"https://senseisandy.com/bjj-glossary/chest-to-back","200","index, follow","https://senseisandy.com/bjj-glossary/chest-to-back","Chest to Back in BJJ: Meaning, Basics, and Why It Matters","","9","658","glossary","INDEX","index, follow","","yes","2026-07-29",""
"https://senseisandy.com/bjj-glossary/chest-to-chest","200","index, follow","https://senseisandy.com/bjj-glossary/chest-to-chest","Chest to Chest in BJJ: Meaning, Basics, and Why It Matters","","17","637","glossary","INDEX","index, follow","","yes","2026-07-29",""
"https://senseisandy.com/bjj-glossary/choke","200","noindex, follow","https://senseisandy.com/bjj-glossary/choke","What Choke Means in Brazilian Jiu-Jitsu | Sensei Sandy BJJ","","0","605","glossary","NOINDEX, FOLLOW","noindex, follow","","no","2026-07-29",""
"https://senseisandy.com/bjj-glossary/clinch","200","index, follow","https://senseisandy.com/bjj-glossary/clinch","Clinch in BJJ: Meaning, Basics, and Why It Matters","","2","653","glossary","INDEX","index, follow","","yes","2026-07-29",""
"https://senseisandy.com/bjj-glossary/closed-guard","200","index, follow","https://senseisandy.com/bjj-glossary/closed-guard","Closed Guard in BJJ: Meaning, Basics, and Why It Matters","","64","611","glossary","INDEX","index, follow","","yes","2026-07-29",""
"https://senseisandy.com/bjj-glossary/closed-guard-break","200","index, follow","https://senseisandy.com/bjj-glossary/closed-guard-break","Closed Guard Break in BJJ: Meaning, Basics, and Why It Matters","","2","604","glossary","INDEX","index, follow","","yes","2026-07-29",""
"https://senseisandy.com/bjj-glossary/collar-grip","200","index, follow","https://senseisandy.com/bjj-glossary/collar-grip","Collar Grip in BJJ: Meaning, Basics, and Why It Matters","","38","711","glossary","INDEX","index, follow","","yes","2026-07-29",""
"https://senseisandy.com/bjj-glossary/collar-tie","200","index, follow","https://senseisandy.com/bjj-glossary/collar-tie","Collar Tie in BJJ: Meaning, Basics, and Why It Matters","","35","663","glossary","INDEX","index, follow","","yes","2026-07-29",""
"https://senseisandy.com/bjj-glossary/control","200","index, follow","https://senseisandy.com/bjj-glossary/control","Control in BJJ: Meaning, Basics, and Why It Matters","","117","581","glossary","INDEX","index, follow","","yes","2026-07-29",""
"https://senseisandy.com/bjj-glossary/cross-collar-choke","200","index, follow","https://senseisandy.com/bjj-glossary/cross-collar-choke","Cross Collar Choke in BJJ: Meaning, Basics, and Why It Matters","","3","637","glossary","INDEX","index, follow","","yes","2026-07-29",""
"https://senseisandy.com/bjj-glossary/crossface","200","index, follow","https://senseisandy.com/bjj-glossary/crossface","Crossface in BJJ: Meaning, Basics, and Why It Matters","","17","603","glossary","INDEX","index, follow","","yes","2026-07-29",""
"https://senseisandy.com/bjj-glossary/crossface-defense","200","index, follow","https://senseisandy.com/bjj-glossary/crossface-defense","Crossface Defense in BJJ: Meaning, Basics, and Why It Matters","","3","648","glossary","INDEX","index, follow","","yes","2026-07-29",""
"https://senseisandy.com/bjj-glossary/crossface-pressure","200","index, follow","https://senseisandy.com/bjj-glossary/crossface-pressure","Crossface Pressure in BJJ: Meaning, Basics, and Why It Matters","","6","689","glossary","INDEX","index, follow","","yes","2026-07-29",""
"https://senseisandy.com/bjj-glossary/de-la-riva","200","index, follow","https://senseisandy.com/bjj-glossary/de-la-riva","De La Riva in BJJ: Meaning, Basics, and Why It Matters","","13","689","glossary","INDEX","index, follow","","yes","2026-07-29",""
"https://senseisandy.com/bjj-glossary/dominant-position","200","index, follow","https://senseisandy.com/bjj-glossary/dominant-position","Dominant Position in BJJ: Meaning, Basics, and Why It Matters","","40","598","glossary","INDEX","index, follow","","yes","2026-07-29",""
"https://senseisandy.com/bjj-glossary/double-leg","200","index, follow","https://senseisandy.com/bjj-glossary/double-leg","Double Leg in BJJ: Meaning, Basics, and Why It Matters","","36","651","glossary","INDEX","index, follow","","yes","2026-07-29",""
"https://senseisandy.com/bjj-glossary/double-leg-defense","200","index, follow","https://senseisandy.com/bjj-glossary/double-leg-defense","Double Leg Defense in BJJ: Meaning, Basics, and Why It Matters","","2","676","glossary","INDEX","index, follow","","yes","2026-07-29",""
"https://senseisandy.com/bjj-glossary/drilling","200","noindex, follow","https://senseisandy.com/bjj-glossary/drilling","What Drilling Means in Brazilian Jiu-Jitsu | Sensei Sandy BJJ","","12","616","glossary","NOINDEX, FOLLOW","noindex, follow","","no","2026-07-29",""
"https://senseisandy.com/bjj-glossary/elbow-knee-escape","200","index, follow","https://senseisandy.com/bjj-glossary/elbow-knee-escape","Elbow Knee Escape in BJJ: Meaning, Basics, and Why It Matters","","8","681","glossary","INDEX","index, follow","","yes","2026-07-29",""
"https://senseisandy.com/bjj-glossary/escape","200","index, follow","https://senseisandy.com/bjj-glossary/escape","Escape in BJJ: Meaning, Basics, and Why It Matters","","20","619","glossary","INDEX","index, follow","","yes","2026-07-29",""
"https://senseisandy.com/bjj-glossary/first-class-lane","301","noindex, follow","https://senseisandy.com/bjj-glossary/beginner-lane","","","0","","archive","REDIRECT","","https://senseisandy.com/bjj-glossary/beginner-lane","no","2026-07-29",""
"https://senseisandy.com/bjj-glossary/flower-sweep","200","index, follow","https://senseisandy.com/bjj-glossary/flower-sweep","Flower Sweep in BJJ: Meaning, Basics, and Why It Matters","","2","639","glossary","INDEX","index, follow","","yes","2026-07-29",""
"https://senseisandy.com/bjj-glossary/frame","200","index, follow","https://senseisandy.com/bjj-glossary/frame","Frame in BJJ: Meaning, Basics, and Why It Matters","","88","619","glossary","INDEX","index, follow","","yes","2026-07-29",""
"https://senseisandy.com/bjj-glossary/frame-recovery","200","index, follow","https://senseisandy.com/bjj-glossary/frame-recovery","Frame Recovery in BJJ: Meaning, Basics, and Why It Matters","","26","667","glossary","INDEX","index, follow","","yes","2026-07-29",""
"https://senseisandy.com/bjj-glossary/frames","200","noindex, follow","https://senseisandy.com/bjj-glossary/frames","What Frames Mean in Brazilian Jiu-Jitsu | Sensei Sandy BJJ","","6","670","glossary","NOINDEX, FOLLOW","noindex, follow","","no","2026-07-29",""
"https://senseisandy.com/bjj-glossary/front-headlock","200","index, follow","https://senseisandy.com/bjj-glossary/front-headlock","Front Headlock in BJJ: Meaning, Basics, and Why It Matters","","50","650","glossary","INDEX","index, follow","","yes","2026-07-29",""
"https://senseisandy.com/bjj-glossary/front-headlock-escape","200","noindex, follow","https://senseisandy.com/bjj-glossary/front-headlock-escape","Front Headlock Escape in BJJ | What Front Headlock Escape Means in Brazilian Jiu Jitsu | Sensei Sandy BJJ","","0","309","glossary","NOINDEX, FOLLOW","noindex, follow","","no","2026-07-29",""
"https://senseisandy.com/bjj-glossary/front-headlock-series","200","noindex, follow","https://senseisandy.com/bjj-glossary/front-headlock-series","Front Headlock Series in BJJ | What Front Headlock Series Means in Brazilian Jiu Jitsu | Sensei Sandy BJJ","","0","310","glossary","NOINDEX, FOLLOW","noindex, follow","","no","2026-07-29",""
"https://senseisandy.com/bjj-glossary/gi","200","index, follow","https://senseisandy.com/bjj-glossary/gi","Gi in BJJ: Meaning, Basics, and Why It Matters","","38","598","glossary","INDEX","index, follow","","yes","2026-07-29",""
"https://senseisandy.com/bjj-glossary/go-behind","200","index, follow","https://senseisandy.com/bjj-glossary/go-behind","Go Behind in BJJ: Meaning, Basics, and Why It Matters","","16","635","glossary","INDEX","index, follow","","yes","2026-07-29",""
"https://senseisandy.com/bjj-glossary/go-behind-defense","200","index, follow","https://senseisandy.com/bjj-glossary/go-behind-defense","Go Behind Defense in BJJ: Meaning, Basics, and Why It Matters","","2","661","glossary","INDEX","index, follow","","yes","2026-07-29",""
"https://senseisandy.com/bjj-glossary/granby-roll","200","index, follow","https://senseisandy.com/bjj-glossary/granby-roll","Granby Roll in BJJ: Meaning, Basics, and Why It Matters","","2","681","glossary","INDEX","index, follow","","yes","2026-07-29",""
"https://senseisandy.com/bjj-glossary/grip","200","index, follow","https://senseisandy.com/bjj-glossary/grip","Grip in BJJ: Meaning, Basics, and Why It Matters","","27","603","glossary","INDEX","index, follow","","yes","2026-07-29",""
"https://senseisandy.com/bjj-glossary/grip-fighting","200","index, follow","https://senseisandy.com/bjj-glossary/grip-fighting","Grip Fighting in BJJ: Meaning, Basics, and Why It Matters","","59","579","glossary","INDEX","index, follow","","yes","2026-07-29",""
"https://senseisandy.com/bjj-glossary/guard","200","index, follow","https://senseisandy.com/bjj-glossary/guard","Guard in BJJ: Meaning, Basics, and Why It Matters","","163","675","glossary","INDEX","index, follow","","yes","2026-07-29",""
"https://senseisandy.com/bjj-glossary/guard-pass","200","index, follow","https://senseisandy.com/bjj-glossary/guard-pass","Guard Pass in BJJ: Meaning, Basics, and Why It Matters","","29","677","glossary","INDEX","index, follow","","yes","2026-07-29",""
"https://senseisandy.com/bjj-glossary/guard-pull","200","index, follow","https://senseisandy.com/bjj-glossary/guard-pull","Guard Pull in BJJ: Meaning, Basics, and Why It Matters","","8","622","glossary","INDEX","index, follow","","yes","2026-07-29",""
"https://senseisandy.com/bjj-glossary/guard-recovery","200","index, follow","https://senseisandy.com/bjj-glossary/guard-recovery","Guard Recovery in BJJ: Meaning, Basics, and Why It Matters","","57","604","glossary","INDEX","index, follow","","yes","2026-07-29",""
"https://senseisandy.com/bjj-glossary/guard-retention","200","index, follow","https://senseisandy.com/bjj-glossary/guard-retention","Guard Retention in BJJ: Meaning, Basics, and Why It Matters","","21","648","glossary","INDEX","index, follow","","yes","2026-07-29",""
"https://senseisandy.com/bjj-glossary/guillotine","200","index, follow","https://senseisandy.com/bjj-glossary/guillotine","Guillotine in BJJ: Meaning, Basics, and Why It Matters","","12","623","glossary","INDEX","index, follow","","yes","2026-07-29",""
"https://senseisandy.com/bjj-glossary/half-guard","200","index, follow","https://senseisandy.com/bjj-glossary/half-guard","Half Guard in BJJ: Meaning, Basics, and Why It Matters","","52","602","glossary","INDEX","index, follow","","yes","2026-07-29",""
"https://senseisandy.com/bjj-glossary/hand-fighting","200","index, follow","https://senseisandy.com/bjj-glossary/hand-fighting","Hand Fighting in BJJ: Meaning, Basics, and Why It Matters","","8","628","glossary","INDEX","index, follow","","yes","2026-07-29",""
"https://senseisandy.com/bjj-glossary/head-line","200","index, follow","https://senseisandy.com/bjj-glossary/head-line","Head Line in BJJ: Meaning, Basics, and Why It Matters","","2","677","glossary","INDEX","index, follow","","yes","2026-07-29",""
"https://senseisandy.com/bjj-glossary/head-position","200","index, follow","https://senseisandy.com/bjj-glossary/head-position","Head Position in BJJ: Meaning, Basics, and Why It Matters","","64","639","glossary","INDEX","index, follow","","yes","2026-07-29",""
"https://senseisandy.com/bjj-glossary/heavy-hips","200","index, follow","https://senseisandy.com/bjj-glossary/heavy-hips","Heavy Hips in BJJ: Meaning, Basics, and Why It Matters","","6","669","glossary","INDEX","index, follow","","yes","2026-07-29",""
"https://senseisandy.com/bjj-glossary/hip-escape","200","index, follow","https://senseisandy.com/bjj-glossary/hip-escape","Hip Escape in BJJ: Meaning, Basics, and Why It Matters","","56","681","glossary","INDEX","index, follow","","yes","2026-07-29",""
"https://senseisandy.com/bjj-glossary/hip-heist","200","index, follow","https://senseisandy.com/bjj-glossary/hip-heist","Hip Heist in BJJ: Meaning, Basics, and Why It Matters","","2","693","glossary","INDEX","index, follow","","yes","2026-07-29",""
"https://senseisandy.com/bjj-glossary/hooks","200","index, follow","https://senseisandy.com/bjj-glossary/hooks","Hooks in BJJ: Meaning, Basics, and Why It Matters","","8","669","glossary","INDEX","index, follow","","yes","2026-07-29",""
"https://senseisandy.com/bjj-glossary/inside-position","200","index, follow","https://senseisandy.com/bjj-glossary/inside-position","Inside Position in BJJ: Meaning, Basics, and Why It Matters","","40","642","glossary","INDEX","index, follow","","yes","2026-07-29",""
"https://senseisandy.com/bjj-glossary/inside-tie","200","index, follow","https://senseisandy.com/bjj-glossary/inside-tie","Inside Tie in BJJ: Meaning, Basics, and Why It Matters","","10","676","glossary","INDEX","index, follow","","yes","2026-07-29",""
"https://senseisandy.com/bjj-glossary/inside-trip","200","index, follow","https://senseisandy.com/bjj-glossary/inside-trip","Inside Trip in BJJ: Meaning, Basics, and Why It Matters","","8","665","glossary","INDEX","index, follow","","yes","2026-07-29",""
"https://senseisandy.com/bjj-glossary/inversion","200","index, follow","https://senseisandy.com/bjj-glossary/inversion","Inversion in BJJ: Meaning, Basics, and Why It Matters","","9","672","glossary","INDEX","index, follow","","yes","2026-07-29",""
"https://senseisandy.com/bjj-glossary/jiu-jitsu","200","index, follow","https://senseisandy.com/bjj-glossary/jiu-jitsu","Jiu-Jitsu in BJJ: Meaning, Basics, and Why It Matters","","2","577","glossary","INDEX","index, follow","","yes","2026-07-29",""
"https://senseisandy.com/bjj-glossary/juji-gatame","301","noindex, follow","https://senseisandy.com/bjj-glossary/armbar","","","0","","archive","REDIRECT","","https://senseisandy.com/bjj-glossary/armbar","no","2026-07-29",""
"https://senseisandy.com/bjj-glossary/jujigatame","301","noindex, follow","https://senseisandy.com/bjj-glossary/armbar","","","0","","archive","REDIRECT","","https://senseisandy.com/bjj-glossary/armbar","no","2026-07-29",""
"https://senseisandy.com/bjj-glossary/k-guard","200","index, follow","https://senseisandy.com/bjj-glossary/k-guard","K-Guard in BJJ: Meaning, Basics, and Why It Matters","","12","674","glossary","INDEX","index, follow","","yes","2026-07-29",""
"https://senseisandy.com/bjj-glossary/kimura","200","index, follow","https://senseisandy.com/bjj-glossary/kimura","Kimura in BJJ: Meaning, Basics, and Why It Matters","","4","603","glossary","INDEX","index, follow","","yes","2026-07-29",""
"https://senseisandy.com/bjj-glossary/knee-cut","200","index, follow","https://senseisandy.com/bjj-glossary/knee-cut","Knee Cut in BJJ: Meaning, Basics, and Why It Matters","","26","659","glossary","INDEX","index, follow","","yes","2026-07-29",""
"https://senseisandy.com/bjj-glossary/knee-line","200","index, follow","https://senseisandy.com/bjj-glossary/knee-line","Knee Line in BJJ: Meaning, Basics, and Why It Matters","","20","669","glossary","INDEX","index, follow","","yes","2026-07-29",""
"https://senseisandy.com/bjj-glossary/knee-shield","200","index, follow","https://senseisandy.com/bjj-glossary/knee-shield","Knee Shield in BJJ: Meaning, Basics, and Why It Matters","","14","660","glossary","INDEX","index, follow","","yes","2026-07-29",""
"https://senseisandy.com/bjj-glossary/knee-slide","200","index, follow","https://senseisandy.com/bjj-glossary/knee-slide","Knee Slide in BJJ: Meaning, Basics, and Why It Matters","","2","696","glossary","INDEX","index, follow","","yes","2026-07-29",""
"https://senseisandy.com/bjj-glossary/lapel-grip","200","index, follow","https://senseisandy.com/bjj-glossary/lapel-grip","Lapel Grip in BJJ: Meaning, Basics, and Why It Matters","","4","654","glossary","INDEX","index, follow","","yes","2026-07-29",""
"https://senseisandy.com/bjj-glossary/leg-drag","200","index, follow","https://senseisandy.com/bjj-glossary/leg-drag","Leg Drag in BJJ: Meaning, Basics, and Why It Matters","","17","703","glossary","INDEX","index, follow","","yes","2026-07-29",""
"https://senseisandy.com/bjj-glossary/leg-entanglement","200","index, follow","https://senseisandy.com/bjj-glossary/leg-entanglement","Leg Entanglement in BJJ: Meaning, Basics, and Why It Matters","","20","646","glossary","INDEX","index, follow","","yes","2026-07-29",""
"https://senseisandy.com/bjj-glossary/level-change","200","index, follow","https://senseisandy.com/bjj-glossary/level-change","Level Change in BJJ: Meaning, Basics, and Why It Matters","","24","643","glossary","INDEX","index, follow","","yes","2026-07-29",""
"https://senseisandy.com/bjj-glossary/long-step","200","index, follow","https://senseisandy.com/bjj-glossary/long-step","Long Step in BJJ: Meaning, Basics, and Why It Matters","","16","687","glossary","INDEX","index, follow","","yes","2026-07-29",""
"https://senseisandy.com/bjj-glossary/mat-return","200","index, follow","https://senseisandy.com/bjj-glossary/mat-return","Mat Return in BJJ: Meaning, Basics, and Why It Matters","","8","644","glossary","INDEX","index, follow","","yes","2026-07-29",""
"https://senseisandy.com/bjj-glossary/mount","200","index, follow","https://senseisandy.com/bjj-glossary/mount","Mount in BJJ: Meaning, Basics, and Why It Matters","","62","600","glossary","INDEX","index, follow","","yes","2026-07-29",""
"https://senseisandy.com/bjj-glossary/mount-transition","200","index, follow","https://senseisandy.com/bjj-glossary/mount-transition","Mount Transition in BJJ: Meaning, Basics, and Why It Matters","","12","638","glossary","INDEX","index, follow","","yes","2026-07-29",""
"https://senseisandy.com/bjj-glossary/neutral-position","200","index, follow","https://senseisandy.com/bjj-glossary/neutral-position","Neutral Position in BJJ: Meaning, Basics, and Why It Matters","","20","608","glossary","INDEX","index, follow","","yes","2026-07-29",""
"https://senseisandy.com/bjj-glossary/no-gi","200","index, follow","https://senseisandy.com/bjj-glossary/no-gi","No-Gi in BJJ: Meaning, Basics, and Why It Matters","","11","582","glossary","INDEX","index, follow","","yes","2026-07-29",""
"https://senseisandy.com/bjj-glossary/nogi","301","noindex, follow","https://senseisandy.com/bjj-glossary/no-gi","","","0","","archive","REDIRECT","","https://senseisandy.com/bjj-glossary/no-gi","no","2026-07-29",""
"https://senseisandy.com/bjj-glossary/north-south","200","index, follow","https://senseisandy.com/bjj-glossary/north-south","North South in BJJ: Meaning, Basics, and Why It Matters","","3","611","glossary","INDEX","index, follow","","yes","2026-07-29",""
"https://senseisandy.com/bjj-glossary/off-balance","200","index, follow","https://senseisandy.com/bjj-glossary/off-balance","Off-Balance in BJJ: Meaning, Basics, and Why It Matters","","16","633","glossary","INDEX","index, follow","","yes","2026-07-29",""
"https://senseisandy.com/bjj-glossary/open-guard","200","index, follow","https://senseisandy.com/bjj-glossary/open-guard","Open Guard in BJJ: Meaning, Basics, and Why It Matters","","21","616","glossary","INDEX","index, follow","","yes","2026-07-29",""
"https://senseisandy.com/bjj-glossary/open-guard-pass","200","index, follow","https://senseisandy.com/bjj-glossary/open-guard-pass","Open Guard Pass in BJJ: Meaning, Basics, and Why It Matters","","25","659","glossary","INDEX","index, follow","","yes","2026-07-29",""
"https://senseisandy.com/bjj-glossary/open-mat","200","noindex, follow","https://senseisandy.com/bjj-glossary/open-mat","What Open Mat Means in Brazilian Jiu-Jitsu | Sensei Sandy BJJ","","12","640","glossary","NOINDEX, FOLLOW","noindex, follow","","no","2026-07-29",""
"https://senseisandy.com/bjj-glossary/outside-trip","200","index, follow","https://senseisandy.com/bjj-glossary/outside-trip","Outside Trip in BJJ: Meaning, Basics, and Why It Matters","","8","638","glossary","INDEX","index, follow","","yes","2026-07-29",""
"https://senseisandy.com/bjj-glossary/overhook","200","index, follow","https://senseisandy.com/bjj-glossary/overhook","Overhook in BJJ: Meaning, Basics, and Why It Matters","","23","669","glossary","INDEX","index, follow","","yes","2026-07-29",""
"https://senseisandy.com/bjj-glossary/penetration-step","200","index, follow","https://senseisandy.com/bjj-glossary/penetration-step","Penetration Step in BJJ: Meaning, Basics, and Why It Matters","","4","660","glossary","INDEX","index, follow","","yes","2026-07-29",""
"https://senseisandy.com/bjj-glossary/pin","200","index, follow","https://senseisandy.com/bjj-glossary/pin","Pin in BJJ: Meaning, Basics, and Why It Matters","","45","596","glossary","INDEX","index, follow","","yes","2026-07-29",""
"https://senseisandy.com/bjj-glossary/pin-escape","200","index, follow","https://senseisandy.com/bjj-glossary/pin-escape","Pin Escape in BJJ: Meaning, Basics, and Why It Matters","","2","605","glossary","INDEX","index, follow","","yes","2026-07-29",""
"https://senseisandy.com/bjj-glossary/position","200","noindex, follow","https://senseisandy.com/bjj-glossary/position","What Position Means in Brazilian Jiu-Jitsu | Sensei Sandy BJJ","","0","610","glossary","NOINDEX, FOLLOW","noindex, follow","","no","2026-07-29",""
"https://senseisandy.com/bjj-glossary/posture","200","index, follow","https://senseisandy.com/bjj-glossary/posture","Posture in BJJ: Meaning, Basics, and Why It Matters","","11","581","glossary","INDEX","index, follow","","yes","2026-07-29",""
"https://senseisandy.com/bjj-glossary/posture-break","200","index, follow","https://senseisandy.com/bjj-glossary/posture-break","Posture Break in BJJ: Meaning, Basics, and Why It Matters","","6","639","glossary","INDEX","index, follow","","yes","2026-07-29",""
"https://senseisandy.com/bjj-glossary/posture-recovery","200","index, follow","https://senseisandy.com/bjj-glossary/posture-recovery","Posture Recovery in BJJ: Meaning, Basics, and Why It Matters","","4","641","glossary","INDEX","index, follow","","yes","2026-07-29",""
"https://senseisandy.com/bjj-glossary/pressure","200","index, follow","https://senseisandy.com/bjj-glossary/pressure","Pressure in BJJ: Meaning, Basics, and Why It Matters","","21","662","glossary","INDEX","index, follow","","yes","2026-07-29",""
"https://senseisandy.com/bjj-glossary/pummel","200","index, follow","https://senseisandy.com/bjj-glossary/pummel","Pummel in BJJ: Meaning, Basics, and Why It Matters","","42","674","glossary","INDEX","index, follow","","yes","2026-07-29",""
"https://senseisandy.com/bjj-glossary/quarter-guard","200","index, follow","https://senseisandy.com/bjj-glossary/quarter-guard","Quarter Guard in BJJ: Meaning, Basics, and Why It Matters","","2","680","glossary","INDEX","index, follow","","yes","2026-07-29",""
"https://senseisandy.com/bjj-glossary/re-guard","200","index, follow","https://senseisandy.com/bjj-glossary/re-guard","Re-Guard in BJJ: Meaning, Basics, and Why It Matters","","2","615","glossary","INDEX","index, follow","","yes","2026-07-29",""
"https://senseisandy.com/bjj-glossary/re-shot","200","index, follow","https://senseisandy.com/bjj-glossary/re-shot","Re-Shot in BJJ: Meaning, Basics, and Why It Matters","","2","627","glossary","INDEX","index, follow","","yes","2026-07-29",""
"https://senseisandy.com/bjj-glossary/rear-naked-choke","200","index, follow","https://senseisandy.com/bjj-glossary/rear-naked-choke","Rear Naked Choke in BJJ: Meaning, Basics, and Why It Matters","","18","705","glossary","INDEX","index, follow","","yes","2026-07-29",""
"https://senseisandy.com/bjj-glossary/reverse-de-la-riva","200","index, follow","https://senseisandy.com/bjj-glossary/reverse-de-la-riva","Reverse De La Riva in BJJ: Meaning, Basics, and Why It Matters","","10","714","glossary","INDEX","index, follow","","yes","2026-07-29",""
"https://senseisandy.com/bjj-glossary/rnc","301","noindex, follow","https://senseisandy.com/bjj-glossary/rear-naked-choke","","","0","","archive","REDIRECT","","https://senseisandy.com/bjj-glossary/rear-naked-choke","no","2026-07-29",""
"https://senseisandy.com/bjj-glossary/roll","200","noindex, follow","https://senseisandy.com/bjj-glossary/roll","What Roll Means in Brazilian Jiu-Jitsu | Sensei Sandy BJJ","","12","610","glossary","NOINDEX, FOLLOW","noindex, follow","","no","2026-07-29",""
"https://senseisandy.com/bjj-glossary/safe-training","301","noindex, follow","https://senseisandy.com/bjj-glossary/safety","","","0","","archive","REDIRECT","","https://senseisandy.com/bjj-glossary/safety","no","2026-07-29",""
"https://senseisandy.com/bjj-glossary/safety","200","index, follow","https://senseisandy.com/bjj-glossary/safety","Safety in BJJ: Meaning, Basics, and Why It Matters","","19","587","glossary","INDEX","index, follow","","yes","2026-07-29",""
"https://senseisandy.com/bjj-glossary/scissor-sweep","200","index, follow","https://senseisandy.com/bjj-glossary/scissor-sweep","Scissor Sweep in BJJ: Meaning, Basics, and Why It Matters","","2","658","glossary","INDEX","index, follow","","yes","2026-07-29",""
"https://senseisandy.com/bjj-glossary/scramble","200","index, follow","https://senseisandy.com/bjj-glossary/scramble","Scramble in BJJ: Meaning, Basics, and Why It Matters","","29","634","glossary","INDEX","index, follow","","yes","2026-07-29",""
"https://senseisandy.com/bjj-glossary/seatbelt","200","index, follow","https://senseisandy.com/bjj-glossary/seatbelt","Seatbelt in BJJ: Meaning, Basics, and Why It Matters","","38","604","glossary","INDEX","index, follow","","yes","2026-07-29",""
"https://senseisandy.com/bjj-glossary/seatbelt-escape","200","index, follow","https://senseisandy.com/bjj-glossary/seatbelt-escape","Seatbelt Escape in BJJ: Meaning, Basics, and Why It Matters","","3","671","glossary","INDEX","index, follow","","yes","2026-07-29",""
"https://senseisandy.com/bjj-glossary/seated-guard","200","index, follow","https://senseisandy.com/bjj-glossary/seated-guard","Seated Guard in BJJ: Meaning, Basics, and Why It Matters","","38","628","glossary","INDEX","index, follow","","yes","2026-07-29",""
"https://senseisandy.com/bjj-glossary/shot-entry","200","index, follow","https://senseisandy.com/bjj-glossary/shot-entry","Shot Entry in BJJ: Meaning, Basics, and Why It Matters","","22","667","glossary","INDEX","index, follow","","yes","2026-07-29",""
"https://senseisandy.com/bjj-glossary/shoulder-pressure","200","index, follow","https://senseisandy.com/bjj-glossary/shoulder-pressure","Shoulder Pressure in BJJ: Meaning, Basics, and Why It Matters","","9","661","glossary","INDEX","index, follow","","yes","2026-07-29",""
"https://senseisandy.com/bjj-glossary/shrimp","200","index, follow","https://senseisandy.com/bjj-glossary/shrimp","Shrimp in BJJ: Meaning, Basics, and Why It Matters","","52","610","glossary","INDEX","index, follow","","yes","2026-07-29",""
"https://senseisandy.com/bjj-glossary/sickle-sweep","200","index, follow","https://senseisandy.com/bjj-glossary/sickle-sweep","Sickle Sweep in BJJ: Meaning, Basics, and Why It Matters","","2","682","glossary","INDEX","index, follow","","yes","2026-07-29",""
"https://senseisandy.com/bjj-glossary/side-control","200","index, follow","https://senseisandy.com/bjj-glossary/side-control","Side Control in BJJ: Meaning, Basics, and Why It Matters","","129","610","glossary","INDEX","index, follow","","yes","2026-07-29",""
"https://senseisandy.com/bjj-glossary/single-leg","200","index, follow","https://senseisandy.com/bjj-glossary/single-leg","Single Leg in BJJ: Meaning, Basics, and Why It Matters","","47","660","glossary","INDEX","index, follow","","yes","2026-07-29",""
"https://senseisandy.com/bjj-glossary/single-leg-defense","200","index, follow","https://senseisandy.com/bjj-glossary/single-leg-defense","Single Leg Defense in BJJ: Meaning, Basics, and Why It Matters","","3","652","glossary","INDEX","index, follow","","yes","2026-07-29",""
"https://senseisandy.com/bjj-glossary/sleeve-grip","200","index, follow","https://senseisandy.com/bjj-glossary/sleeve-grip","Sleeve Grip in BJJ: Meaning, Basics, and Why It Matters","","20","685","glossary","INDEX","index, follow","","yes","2026-07-29",""
"https://senseisandy.com/bjj-glossary/snap-down","200","index, follow","https://senseisandy.com/bjj-glossary/snap-down","Snap Down in BJJ: Meaning, Basics, and Why It Matters","","20","650","glossary","INDEX","index, follow","","yes","2026-07-29",""
"https://senseisandy.com/bjj-glossary/snap-down-defense","200","noindex, follow","https://senseisandy.com/bjj-glossary/snap-down-defense","Snap Down Defense in BJJ | What Snap Down Defense Means in Brazilian Jiu Jitsu | Sensei Sandy BJJ","","0","311","glossary","NOINDEX, FOLLOW","noindex, follow","","no","2026-07-29",""
"https://senseisandy.com/bjj-glossary/spin-behind","200","index, follow","https://senseisandy.com/bjj-glossary/spin-behind","Spin Behind in BJJ: Meaning, Basics, and Why It Matters","","4","670","glossary","INDEX","index, follow","","yes","2026-07-29",""
"https://senseisandy.com/bjj-glossary/sprawl","200","index, follow","https://senseisandy.com/bjj-glossary/sprawl","Sprawl in BJJ: Meaning, Basics, and Why It Matters","","52","699","glossary","INDEX","index, follow","","yes","2026-07-29",""
"https://senseisandy.com/bjj-glossary/sprawl-defense","200","index, follow","https://senseisandy.com/bjj-glossary/sprawl-defense","Sprawl Defense in BJJ: Meaning, Basics, and Why It Matters","","22","656","glossary","INDEX","index, follow","","yes","2026-07-29",""
"https://senseisandy.com/bjj-glossary/straight-arm-lock","301","noindex, follow","https://senseisandy.com/bjj-glossary/armbar","","","0","","archive","REDIRECT","","https://senseisandy.com/bjj-glossary/armbar","no","2026-07-29",""
"https://senseisandy.com/bjj-glossary/submission","200","index, follow","https://senseisandy.com/bjj-glossary/submission","Submission in BJJ: Meaning, Basics, and Why It Matters","","22","596","glossary","INDEX","index, follow","","yes","2026-07-29",""
"https://senseisandy.com/bjj-glossary/sweep","200","index, follow","https://senseisandy.com/bjj-glossary/sweep","Sweep in BJJ: Meaning, Basics, and Why It Matters","","82","611","glossary","INDEX","index, follow","","yes","2026-07-29",""
"https://senseisandy.com/bjj-glossary/sweep-single","200","noindex, follow","https://senseisandy.com/bjj-glossary/sweep-single","Sweep Single Leg Takedown | Sensei Sandy BJJ","","0","644","glossary","NOINDEX, FOLLOW","noindex, follow","","no","2026-07-29",""
"https://senseisandy.com/bjj-glossary/takedown","200","index, follow","https://senseisandy.com/bjj-glossary/takedown","Takedown in BJJ: Meaning, Basics, and Why It Matters","","59","686","glossary","INDEX","index, follow","","yes","2026-07-29",""
"https://senseisandy.com/bjj-glossary/takedown-defense","200","index, follow","https://senseisandy.com/bjj-glossary/takedown-defense","Takedown Defense in BJJ: Meaning, Basics, and Why It Matters","","6","619","glossary","INDEX","index, follow","","yes","2026-07-29",""
"https://senseisandy.com/bjj-glossary/tap","200","index, follow","https://senseisandy.com/bjj-glossary/tap","Tap in BJJ: Meaning, Basics, and Why It Matters","","92","666","glossary","INDEX","index, follow","","yes","2026-07-29",""
"https://senseisandy.com/bjj-glossary/technical-stand-up","200","index, follow","https://senseisandy.com/bjj-glossary/technical-stand-up","Technical Stand Up in BJJ: Meaning, Basics, and Why It Matters","","22","637","glossary","INDEX","index, follow","","yes","2026-07-29",""
"https://senseisandy.com/bjj-glossary/top-position","200","index, follow","https://senseisandy.com/bjj-glossary/top-position","Top Position in BJJ: Meaning, Basics, and Why It Matters","","52","595","glossary","INDEX","index, follow","","yes","2026-07-29",""
"https://senseisandy.com/bjj-glossary/top-ride","200","index, follow","https://senseisandy.com/bjj-glossary/top-ride","Top Ride in BJJ: Meaning, Basics, and Why It Matters","","2","682","glossary","INDEX","index, follow","","yes","2026-07-29",""
"https://senseisandy.com/bjj-glossary/torreando","200","index, follow","https://senseisandy.com/bjj-glossary/torreando","Torreando in BJJ: Meaning, Basics, and Why It Matters","","22","637","glossary","INDEX","index, follow","","yes","2026-07-29",""
"https://senseisandy.com/bjj-glossary/torreando-defense","200","index, follow","https://senseisandy.com/bjj-glossary/torreando-defense","Torreando Defense in BJJ: Meaning, Basics, and Why It Matters","","3","656","glossary","INDEX","index, follow","","yes","2026-07-29",""
"https://senseisandy.com/bjj-glossary/transition","200","index, follow","https://senseisandy.com/bjj-glossary/transition","Transition in BJJ: Meaning, Basics, and Why It Matters","","49","594","glossary","INDEX","index, follow","","yes","2026-07-29",""
"https://senseisandy.com/bjj-glossary/triangle","200","index, follow","https://senseisandy.com/bjj-glossary/triangle","Triangle in BJJ: Meaning, Basics, and Why It Matters","","23","612","glossary","INDEX","index, follow","","yes","2026-07-29",""
"https://senseisandy.com/bjj-glossary/tripod-sweep","200","index, follow","https://senseisandy.com/bjj-glossary/tripod-sweep","Tripod Sweep in BJJ: Meaning, Basics, and Why It Matters","","8","679","glossary","INDEX","index, follow","","yes","2026-07-29",""
"https://senseisandy.com/bjj-glossary/turtle","200","index, follow","https://senseisandy.com/bjj-glossary/turtle","Turtle in BJJ: Meaning, Basics, and Why It Matters","","34","664","glossary","INDEX","index, follow","","yes","2026-07-29",""
"https://senseisandy.com/bjj-glossary/underhook","200","index, follow","https://senseisandy.com/bjj-glossary/underhook","Underhook in BJJ: Meaning, Basics, and Why It Matters","","33","588","glossary","INDEX","index, follow","","yes","2026-07-29",""
"https://senseisandy.com/bjj-glossary/upa","301","noindex, follow","https://senseisandy.com/bjj-glossary/upa-escape","","","0","","archive","REDIRECT","","https://senseisandy.com/bjj-glossary/upa-escape","no","2026-07-29",""
"https://senseisandy.com/bjj-glossary/upa-escape","200","index, follow","https://senseisandy.com/bjj-glossary/upa-escape","Upa Escape in BJJ: Meaning, Basics, and Why It Matters","","4","629","glossary","INDEX","index, follow","","yes","2026-07-29",""
"https://senseisandy.com/bjj-glossary/updates","200","index, follow","https://senseisandy.com/bjj-glossary/updates","BJJ Glossary Updates | Sensei Sandy BJJ","","2","860","glossary","INDEX","index, follow","","yes","2026-07-29",""
"https://senseisandy.com/bjj-glossary/waiter-sweep","200","index, follow","https://senseisandy.com/bjj-glossary/waiter-sweep","Waiter Sweep in BJJ: Meaning, Basics, and Why It Matters","","4","656","glossary","INDEX","index, follow","","yes","2026-07-29",""
"https://senseisandy.com/bjj-glossary/whizzer","200","index, follow","https://senseisandy.com/bjj-glossary/whizzer","Whizzer in BJJ: Meaning, Basics, and Why It Matters","","34","619","glossary","INDEX","index, follow","","yes","2026-07-29",""
"https://senseisandy.com/bjj-glossary/whizzer-defense","200","index, follow","https://senseisandy.com/bjj-glossary/whizzer-defense","Whizzer Defense in BJJ: Meaning, Basics, and Why It Matters","","6","643","glossary","INDEX","index, follow","","yes","2026-07-29",""
"https://senseisandy.com/bjj-glossary/windshield-wiper","200","index, follow","https://senseisandy.com/bjj-glossary/windshield-wiper","Windshield Wiper in BJJ: Meaning, Basics, and Why It Matters","","7","668","glossary","INDEX","index, follow","","yes","2026-07-29",""
"https://senseisandy.com/bjj-glossary/wrestle-up","200","index, follow","https://senseisandy.com/bjj-glossary/wrestle-up","Wrestle Up in BJJ: Meaning, Basics, and Why It Matters","","11","635","glossary","INDEX","index, follow","","yes","2026-07-29",""
"https://senseisandy.com/bjj-glossary/wrist-control","200","index, follow","https://senseisandy.com/bjj-glossary/wrist-control","Wrist Control in BJJ: Meaning, Basics, and Why It Matters","","14","650","glossary","INDEX","index, follow","","yes","2026-07-29",""
"https://senseisandy.com/bjj-glossary/x-guard","200","index, follow","https://senseisandy.com/bjj-glossary/x-guard","X Guard in BJJ: Meaning, Basics, and Why It Matters","","15","637","glossary","INDEX","index, follow","","yes","2026-07-29",""
"https://senseisandy.com/bjj-glossary/z-guard","200","index, follow","https://senseisandy.com/bjj-glossary/z-guard","Z Guard in BJJ: Meaning, Basics, and Why It Matters","","2","661","glossary","INDEX","index, follow","","yes","2026-07-29",""
"https://senseisandy.com/bjj-stretches","200","index, follow","https://senseisandy.com/bjj-stretches","BJJ Stretches for Beginners in Tannersville NY | Sensei Sandy BJJ","","350","1115","core","INDEX","index, follow","","yes","2026-07-29",""
"https://senseisandy.com/bjj-tannersville-ny-directions","200","index, follow","https://senseisandy.com/bjj-tannersville-ny-directions","Sensei Sandy BJJ | Parking &amp;amp; Entry in Tannersville NY","","398","257","core","INDEX","index, follow","","yes","2026-07-29",""
"https://senseisandy.com/black-belt-concierge","200","noindex, follow","https://senseisandy.com/black-belt-concierge","Black Belt Concierge: Private BJJ Coaching | Sensei Sandy","","2","1871","core","NOINDEX, FOLLOW","noindex, follow","","no","2026-07-29",""
"https://senseisandy.com/blackbelttrack","301","noindex, follow","https://senseisandy.com/black-belt-track","","","0","","archive","REDIRECT","","https://senseisandy.com/black-belt-track","no","2026-07-29",""
"https://senseisandy.com/blog","200","index, follow","https://senseisandy.com/blog","BJJ Blog in Tannersville, NY | Sensei Sandy Brazilian Jiu-Jitsu","","449","549","blog","INDEX","index, follow","","yes","2026-07-29",""
"https://senseisandy.com/blog/after-school-jiu-jitsu","200","index, follow","https://senseisandy.com/blog/after-school-jiu-jitsu","After School Jiu Jitsu in Tannersville NY | Sensei Sandy BJJ","","25","1115","blog","INDEX","index, follow","","yes","2026-07-29",""
"https://senseisandy.com/blog/after-school-jiu-jitsu-calm-routine-catskills","200","index, follow","https://senseisandy.com/blog/after-school-jiu-jitsu-calm-routine-catskills","After School Jiu-Jitsu: A Calm Routine for Kids in the Catskills","","23","478","blog","INDEX","index, follow","","yes","2026-07-29",""
"https://senseisandy.com/blog/beginner-friendly-bjj-tannersville-evidence","200","index, follow","https://senseisandy.com/blog/beginner-friendly-bjj-tannersville-evidence","Beginner Friendly BJJ in Tannersville NY | Sensei Sandy","","2","952","blog","INDEX","index, follow","","yes","2026-07-29",""
"https://senseisandy.com/blog/beginner-friendly-bjj-tannersville-links","200","index, follow","https://senseisandy.com/blog/beginner-friendly-bjj-tannersville-links","Beginner BJJ Resources in Tannersville NY | Sensei Sandy","","8","1026","blog","INDEX","index, follow","","yes","2026-07-29",""
"https://senseisandy.com/blog/beginners-guide-bjj-human-chess","200","index, follow","https://senseisandy.com/blog/beginners-guide-bjj-human-chess","Human Chess: Beginner’s Guide to BJJ | Tannersville NY","","3","1057","blog","INDEX","index, follow","","yes","2026-07-29",""
"https://senseisandy.com/blog/bio-ginastica","301","noindex, follow","https://senseisandy.com/blog/bioginastica-movement-no-gi","","","0","","archive","REDIRECT","","https://senseisandy.com/blog/bioginastica-movement-no-gi","no","2026-07-29",""
"https://senseisandy.com/blog/bio-ginastica-mobility","200","noindex, follow","https://senseisandy.com/blog/bio-ginastica-mobility","BioGinastica Movement for No-Gi Jiu-Jitsu","","1","1177","blog","NOINDEX, FOLLOW","noindex, follow","","no","2026-07-29",""
"https://senseisandy.com/blog/bio-switch-nervous-system","200","index, follow","https://senseisandy.com/blog/bio-switch-nervous-system","The Bio-Switch: Command Your Nervous System | Sensei Sandy BJJ","","12","882","blog","INDEX","index, follow","","yes","2026-07-29",""
"https://senseisandy.com/blog/bioginastica-movement-no-gi","200","index, follow","https://senseisandy.com/blog/bioginastica-movement-no-gi","BioGinastica Movement for No-Gi Jiu-Jitsu in Tannersville","","14","1278","blog","INDEX","index, follow","","yes","2026-07-29",""
"https://senseisandy.com/blog/bjj-36-techniques","200","index, follow","https://senseisandy.com/blog/bjj-36-techniques","BJJ 36 Techniques: Full List + How to Train Them","","3","1119","blog","INDEX","index, follow","","yes","2026-07-29",""
"https://senseisandy.com/blog/bjj-beginners-over-40-catskills","200","index, follow","https://senseisandy.com/blog/bjj-beginners-over-40-catskills","BJJ for Beginners Over 40 | Catskills Safe Start","","15","1173","blog","INDEX","index, follow","","yes","2026-07-29",""
"https://senseisandy.com/blog/bjj-belts-stripes-promotions","200","index, follow","https://senseisandy.com/blog/bjj-belts-stripes-promotions","BJJ Belts, Stripes &amp;amp; Promotions | Sensei Sandy BJJ","","10","1241","blog","INDEX","index, follow","","yes","2026-07-29",""
"https://senseisandy.com/blog/bjj-black-belt-degree-time","200","index, follow","https://senseisandy.com/blog/bjj-black-belt-degree-time","BJJ Black Belt Degree Timeline | IBJJF Stripes and Dates","","12","1077","blog","INDEX","index, follow","","yes","2026-07-29",""
"https://senseisandy.com/blog/bjj-promotions-how-often","200","index, follow","https://senseisandy.com/blog/bjj-promotions-how-often","How Often Are BJJ Promotions? Belts, Stripes, and Real Timelines","","12","1238","blog","INDEX","index, follow","","yes","2026-07-29",""
"https://senseisandy.com/blog/bjj-sensei","200","index, follow","https://senseisandy.com/blog/bjj-sensei","Sensei in Brazilian Jiu-Jitsu Meaning | Sensei Sandy BJJ","","2","1112","blog","INDEX","index, follow","","yes","2026-07-29",""
"https://senseisandy.com/blog/cairo-ny-bjj-specialist","200","index, follow","https://senseisandy.com/blog/cairo-ny-bjj-specialist","Cairo, NY: Neighbors Drive 18 Minutes to Sensei Sandy BJJ","","8","1109","blog","INDEX","index, follow","","yes","2026-07-29",""
"https://senseisandy.com/blog/can-you-beat-sensei-without-a-black-belt","200","index, follow","https://senseisandy.com/blog/can-you-beat-sensei-without-a-black-belt","Can You Beat Sensei Without a Black Belt? BJJ Truth","","2","803","blog","INDEX","index, follow","","yes","2026-07-29",""
"https://senseisandy.com/blog/catskills-gym-alternative-jiu-jitsu","200","index, follow","https://senseisandy.com/blog/catskills-gym-alternative-jiu-jitsu","Catskills Gym Alternative: Beginner Jiu-Jitsu | Tannersville","","2","982","blog","INDEX","index, follow","","yes","2026-07-29",""
"https://senseisandy.com/blog/confidence-protocol","200","index, follow","https://senseisandy.com/free-bjj-intro-tannersville-ny","Sensei Sandy BJJ Free Intro","","0","139","blog","REDIRECT","","https://senseisandy.com/free-bjj-intro-tannersville-ny","no","2026-07-29",""
"https://senseisandy.com/blog/exactly-what-happens-first-bjj-class-minute-by-minute","200","index, follow","https://senseisandy.com/blog/exactly-what-happens-first-bjj-class-minute-by-minute","Your First BJJ Class: Minute by Minute | Sensei Sandy","","21","757","blog","INDEX","index, follow","","yes","2026-07-29",""
"https://senseisandy.com/blog/gain-points-system","200","index, follow","https://senseisandy.com/blog/gain-points-system","&quot;Gain Points&quot;: How BJJ Builds Character Ages 5-12","","12","1106","blog","INDEX","index, follow","","yes","2026-07-29",""
"https://senseisandy.com/blog/gi-bjj-windham-ny","200","index, follow","https://senseisandy.com/blog/gi-bjj-windham-ny","Gi Jiu Jitsu Windham NY | Beginner BJJ | Sensei Sandy BJJ","","3","964","blog","INDEX","index, follow","","yes","2026-07-29",""
"https://senseisandy.com/blog/gi-vs-no-gi-bjj-cheat-code","200","index, follow","https://senseisandy.com/blog/gi-vs-no-gi-bjj-cheat-code","Gi vs No-Gi BJJ Benefits in the Catskills | Tannersville","","15","1470","blog","INDEX","index, follow","","yes","2026-07-29",""
"https://senseisandy.com/blog/ginastica","301","noindex, follow","https://senseisandy.com/blog/bioginastica-movement-no-gi","","","0","","archive","REDIRECT","","https://senseisandy.com/blog/bioginastica-movement-no-gi","no","2026-07-29",""
"https://senseisandy.com/blog/growth-over-gold-bjj-mindset","200","index, follow","https://senseisandy.com/blog/growth-over-gold-bjj-mindset","Growth Over Gold: A New BJJ Mindset","","2","788","blog","INDEX","index, follow","","yes","2026-07-29",""
"https://senseisandy.com/blog/how-to-fall-safely-bjj-breakfalls","200","index, follow","https://senseisandy.com/blog/how-to-fall-safely-bjj-breakfalls","How to Fall Without Getting Hurt: 3 BJJ Breakfalls (Ukemi Guide)","","4","958","blog","INDEX","index, follow","","yes","2026-07-29",""
"https://senseisandy.com/blog/hunter-elementary-tuesday-drop-off-bjj","200","index, follow","https://senseisandy.com/blog/hunter-elementary-tuesday-drop-off-bjj","Hunter Elementary Tuesday Drop-Off Request to Sensei Sandy BJJ","","6","1105","blog","INDEX","index, follow","","yes","2026-07-29",""
"https://senseisandy.com/blog/jiu-jitsu-near-hunter-mountain","200","index, follow","https://senseisandy.com/blog/jiu-jitsu-near-hunter-mountain","Jiu Jitsu Near Hunter Mountain: What to Expect","","5","882","blog","INDEX","index, follow","","yes","2026-07-29",""
"https://senseisandy.com/blog/jiu-jitsu-near-windham-mountain-club","200","index, follow","https://senseisandy.com/blog/jiu-jitsu-near-windham-mountain-club","Jiu-Jitsu Near Windham Mountain Club","","47","2473","blog","INDEX","index, follow","","yes","2026-07-29",""
"https://senseisandy.com/blog/jiu-jitsu-near-windham-mountain-club-ski-families","200","index, follow","https://senseisandy.com/blog/jiu-jitsu-near-windham-mountain-club-ski-families","Jiu-Jitsu Near Windham Mountain Club for Ski Families","","8","831","blog","INDEX","index, follow","","yes","2026-07-29",""
"https://senseisandy.com/blog/jiu-jitsu-sensei","301","noindex, follow","https://senseisandy.com/blog/bjj-sensei","","","0","","archive","REDIRECT","","https://senseisandy.com/blog/bjj-sensei","no","2026-07-29",""
"https://senseisandy.com/blog/jiu-jitsu-windham-ny","200","index, follow","https://senseisandy.com/blog/jiu-jitsu-windham-ny","Jiu Jitsu Windham NY: Where Locals Train","","8","903","blog","INDEX","index, follow","","yes","2026-07-29",""
"https://senseisandy.com/blog/kids-jiu-jitsu-windham-ny","200","index, follow","https://senseisandy.com/blog/kids-jiu-jitsu-windham-ny","Kids Jiu Jitsu Windham NY | After-School BJJ | Sensei Sandy","","9","1176","blog","INDEX","index, follow","","yes","2026-07-29",""
"https://senseisandy.com/blog/kids-martial-arts-haines-falls","200","index, follow","https://senseisandy.com/blog/kids-martial-arts-haines-falls","Kids Martial Arts Haines Falls | Beginner BJJ","","65","2390","blog","INDEX","index, follow","","yes","2026-07-29",""
"https://senseisandy.com/blog/kids-martial-arts-haines-falls-beginner-friendly-jiu-jitsu","200","index, follow","https://senseisandy.com/blog/kids-martial-arts-haines-falls-beginner-friendly-jiu-jitsu","Kids Martial Arts Near Haines Falls: Beginner-Friendly Jiu-Jitsu","","3","888","blog","INDEX","index, follow","","yes","2026-07-29",""
"https://senseisandy.com/blog/kids-teens-bjj-belts-ranks-stripes-promotions","200","index, follow","https://senseisandy.com/blog/kids-teens-bjj-belts-ranks-stripes-promotions","Kids &amp;amp; Teens BJJ Belts, Stripes, and Promotions Guide","","12","1247","blog","INDEX","index, follow","","yes","2026-07-29",""
"https://senseisandy.com/blog/kinetic-chess-onteora-park","200","index, follow","https://senseisandy.com/blog/kinetic-chess-onteora-park","Kinetic Chess Onteora Park | Tannersville BJJ","","11","769","blog","INDEX","index, follow","","yes","2026-07-29",""
"https://senseisandy.com/blog/martial-arts-near-hunter-ny-grappling-not-striking","301","noindex, follow","https://senseisandy.com/martial-arts-hunter-ny","","","0","","archive","REDIRECT","","https://senseisandy.com/martial-arts-hunter-ny","no","2026-07-29",""
"https://senseisandy.com/blog/martial-arts-windham-ny-why-families-pick-jiu-jitsu","200","index, follow","https://senseisandy.com/blog/martial-arts-windham-ny-why-families-pick-jiu-jitsu","Martial Arts in Windham, NY: Why Families Pick Jiu-Jitsu","","1","742","blog","INDEX","index, follow","","yes","2026-07-29",""
"https://senseisandy.com/blog/neck-cranks-bjj-longevity-guide","200","index, follow","https://senseisandy.com/blog/neck-cranks-bjj-longevity-guide","Why Your BJJ Sensei Hates Neck Cranks (And How to Fix Them)","","14","836","blog","INDEX","index, follow","","yes","2026-07-29",""
"https://senseisandy.com/blog/no-gi-windham-ny","200","index, follow","https://senseisandy.com/blog/no-gi-windham-ny","No-Gi Jiu-Jitsu Near Windham, NY | Sensei Sandy","","3","910","blog","INDEX","index, follow","","yes","2026-07-29",""
"https://senseisandy.com/blog/onteora-park-summer-activities","301","noindex, follow","https://senseisandy.com/blog/kinetic-chess-onteora-park","","","0","","archive","REDIRECT","","https://senseisandy.com/blog/kinetic-chess-onteora-park","no","2026-07-29",""
"https://senseisandy.com/blog/onteora-park-summer-activities-catskills","200","noindex, follow","https://senseisandy.com/blog/onteora-park-summer-activities-catskills","Unlisted Curriculum: High-Performance Living Past the Gate","","1","637","blog","NOINDEX, FOLLOW","noindex, follow","","no","2026-07-29",""
"https://senseisandy.com/blog/onteora-park-summer-activities-tannersville-athletics","301","noindex, follow","https://senseisandy.com/blog/kinetic-chess-onteora-park","","","0","","archive","REDIRECT","","https://senseisandy.com/blog/kinetic-chess-onteora-park","no","2026-07-29",""
"https://senseisandy.com/blog/private-jiu-jitsu-lessons-windham-ny","200","index, follow","https://senseisandy.com/blog/private-jiu-jitsu-lessons-windham-ny","Private Jiu Jitsu Lessons Windham NY | 1-on-1 BJJ | Sensei Sandy","","2","1037","blog","INDEX","index, follow","","yes","2026-07-29",""
"https://senseisandy.com/blog/sanda-vs-jiu-jitsu","200","index, follow","https://senseisandy.com/blog/sanda-vs-jiu-jitsu","Sanda vs Jiu Jitsu: Which Should Beginners Start First?","","21","1849","blog","INDEX","index, follow","","yes","2026-07-29",""
"https://senseisandy.com/blog/sanda-vs-jiu-jitsu-for-mma","200","index, follow","https://senseisandy.com/blog/sanda-vs-jiu-jitsu-for-mma","Sanda vs Jiu Jitsu for MMA: Best Skills to Train First","","5","1060","blog","INDEX","index, follow","","yes","2026-07-29",""
"https://senseisandy.com/blog/schedule-sensei","200","index, follow","https://senseisandy.com/blog/schedule-sensei","Schedule Sensei: Simple Time Management That Makes Training Stick","","6","1252","blog","INDEX","index, follow","","yes","2026-07-29",""
"https://senseisandy.com/blog/schedule-sensei-reset-protocol","200","index, follow","https://senseisandy.com/blog/schedule-sensei-reset-protocol","Schedule Sensei Reset: Restart in 10 Minutes | Sensei Sandy","","6","1116","blog","INDEX","index, follow","","yes","2026-07-29",""
"https://senseisandy.com/blog/schedule-sensei-weekly-template","200","index, follow","https://senseisandy.com/blog/schedule-sensei-weekly-template","Schedule Sensei Weekly Template | Sensei Sandy BJJ","","37","1974","blog","INDEX","index, follow","","yes","2026-07-29",""
"https://senseisandy.com/blog/seated-guard-basics","200","index, follow","https://senseisandy.com/blog/seated-guard-basics","Seated Guard Basics | Posture &amp;amp; Distance Control","","10","1105","blog","INDEX","index, follow","","yes","2026-07-29",""
"https://senseisandy.com/blog/sensei-mma-bjj","200","index, follow","https://senseisandy.com/blog/sensei-mma-bjj","Sensei MMA BJJ: From MMA Games to Brazilian Jiu-Jitsu (Gi First)","","3","1067","blog","INDEX","index, follow","","yes","2026-07-29",""
"https://senseisandy.com/blog/sensei-rules","200","index, follow","https://senseisandy.com/blog/sensei-rules","Sensei Rules: 5 Rules for Safe Jiu-Jitsu | Sensei Sandy","","5","1274","blog","INDEX","index, follow","","yes","2026-07-29",""
"https://senseisandy.com/blog/sensei-sandy-open-mat","301","noindex, follow","https://senseisandy.com/bjj-glossary/open-mat","","","0","","archive","REDIRECT","","https://senseisandy.com/bjj-glossary/open-mat","no","2026-07-29",""
"https://senseisandy.com/blog/snow-day-protocol-bjj-home-dojo","200","index, follow","https://senseisandy.com/blog/snow-day-protocol-bjj-home-dojo","Snow Day Culture: Catskills BJJ Dojo Guide | Sensei Sandy","","2","849","blog","INDEX","index, follow","","yes","2026-07-29",""
"https://senseisandy.com/blog/spring-fling-is-here","200","index, follow","https://senseisandy.com/blog/spring-fling-is-here","Spring Fling Is Here | Sensei Sandy BJJ","","1","584","blog","INDEX","index, follow","","yes","2026-07-29",""
"https://senseisandy.com/blog/tags/adult-bjj","200","index, follow","https://senseisandy.com/blog/tags/adult-bjj","Adult BJJ Guides | Sensei Sandy BJJ","","3","939","blog","INDEX","index, follow","","yes","2026-07-29",""
"https://senseisandy.com/blog/tags/starting-jiu-jitsu","200","index, follow","https://senseisandy.com/blog/tags/starting-jiu-jitsu","Starting Jiu-Jitsu | Sensei Sandy BJJ","","4","837","blog","INDEX","index, follow","","yes","2026-07-29",""
"https://senseisandy.com/blog/tags/youth","200","index, follow","https://senseisandy.com/blog/tags/youth","Youth BJJ Guides | Sensei Sandy BJJ","","2","858","blog","INDEX","index, follow","","yes","2026-07-29",""
"https://senseisandy.com/blog/takedown-defense","200","index, follow","https://senseisandy.com/blog/takedown-defense","Takedown Defense Guide | Posture, Head &amp;amp; Hand Fighting","","5","1118","blog","INDEX","index, follow","","yes","2026-07-29",""
"https://senseisandy.com/blog/tannersville-bjj-tuesday","200","index, follow","https://senseisandy.com/blog/tannersville-bjj-tuesday","Tuesday Brazilian Jiu-Jitsu in Tannersville, NY (All Ages)","","9","975","blog","INDEX","index, follow","","yes","2026-07-29",""
"https://senseisandy.com/blog/teen-jiu-jitsu-hunter-ny","200","index, follow","https://senseisandy.com/blog/teen-jiu-jitsu-hunter-ny","Teen Jiu Jitsu Hunter NY | Confidence &amp;amp; BJJ | Sensei Sandy","","2","1009","blog","INDEX","index, follow","","yes","2026-07-29",""
"https://senseisandy.com/blog/things-to-do-near-hunter-ny-private-bjj-coaching","200","index, follow","https://senseisandy.com/blog/things-to-do-near-hunter-ny-private-bjj-coaching","Things to Do Near Hunter, NY: Private BJJ Coaching","","11","1164","blog","INDEX","index, follow","","yes","2026-07-29",""
"https://senseisandy.com/blog/water-before-training-how-much-when","200","index, follow","https://senseisandy.com/blog/water-before-training-how-much-when","How Much Water to Drink Before Training | Timing + Amount","","3","1007","blog","INDEX","index, follow","","yes","2026-07-29",""
"https://senseisandy.com/blog/what-does-sensei-mean-in-bjj","200","index, follow","https://senseisandy.com/blog/what-does-sensei-mean-in-bjj","What Does Sensei Mean in BJJ? Definition, Use, and Respect","","18","1122","blog","INDEX","index, follow","","yes","2026-07-29",""
"https://senseisandy.com/blog/what-is-sanda-sanshou","200","index, follow","https://senseisandy.com/blog/what-is-sanda-sanshou","What Is Sanda (Sanshou)? Sanda vs Jiu Jitsu | Sensei Sandy","","4","918","blog","INDEX","index, follow","","yes","2026-07-29",""
"https://senseisandy.com/blog/wrestle-ups-scramble","200","index, follow","https://senseisandy.com/blog/wrestle-ups-scramble","Gravity Is a Suggestion: 3 Wrestle-Ups to Win the Scramble","","8","1221","blog","INDEX","index, follow","","yes","2026-07-29",""
"https://senseisandy.com/bottom-position","200","index, follow","https://senseisandy.com/bjj-glossary/bottom-position","Bottom Position in BJJ | Sensei Sandy BJJ","","0","619","core","NOINDEX, FOLLOW","noindex, follow","","no","2026-07-29",""
"https://senseisandy.com/bring-a-friend","200","index, follow","https://senseisandy.com/bring-a-friend","Bring a Friend to BJJ in Tannersville NY | Friend Pass","","3","1088","core","INDEX","index, follow","","yes","2026-07-29",""
"https://senseisandy.com/bully-proof-jiu-jitsu-tannersville-ny","200","index, follow","https://senseisandy.com/bully-proof-jiu-jitsu-tannersville-ny","Bully Proof Jiu-Jitsu Tannersville NY | Sensei Sandy BJJ","","357","965","program","INDEX","index, follow","","yes","2026-07-29",""
"https://senseisandy.com/cairo-jiu-jitsu","301","noindex, follow","https://senseisandy.com/near/cairo-ny","","","0","","archive","REDIRECT","","https://senseisandy.com/near/cairo-ny","no","2026-07-29",""
"https://senseisandy.com/cairo-ny-jiu-jitsu","301","noindex, follow","https://senseisandy.com/near/cairo-ny","","","0","","archive","REDIRECT","","https://senseisandy.com/near/cairo-ny","no","2026-07-29",""
"https://senseisandy.com/camp-clinics","200","index, follow","https://senseisandy.com/camp-clinics","Camp Clinics | Rain-Proof Schedule Relief for Camps","","3","633","core","INDEX","index, follow","","yes","2026-07-29",""
"https://senseisandy.com/catskill-jiu-jitsu","301","noindex, follow","https://senseisandy.com/near/catskill-ny","","","0","","archive","REDIRECT","","https://senseisandy.com/near/catskill-ny","no","2026-07-29",""
"https://senseisandy.com/catskill-ny-jiu-jitsu","301","noindex, follow","https://senseisandy.com/near/catskill-ny","","","0","","archive","REDIRECT","","https://senseisandy.com/near/catskill-ny","no","2026-07-29",""
"https://senseisandy.com/catskills-home-base","200","index, follow","https://senseisandy.com/catskills-home-base","Catskills Visitor Jiu-Jitsu | Sensei Sandy BJJ Tannersville NY","","1","415","core","INDEX","index, follow","","yes","2026-07-29",""
"https://senseisandy.com/checkout","301","noindex, follow","https://senseisandy.com/adult-bjj","","","0","","archive","REDIRECT","","https://senseisandy.com/adult-bjj","no","2026-07-29",""
"https://senseisandy.com/choke","200","index, follow","https://senseisandy.com/bjj-glossary/choke","What Choke Means in Brazilian Jiu-Jitsu | Sensei Sandy BJJ","","0","605","core","NOINDEX, FOLLOW","noindex, follow","","no","2026-07-29",""
"https://senseisandy.com/christmas-in-july-bjj-tannersville","301","noindex, follow","https://senseisandy.com/free-bjj-intro-tannersville-ny","","","0","","core","REDIRECT","","https://senseisandy.com/free-bjj-intro-tannersville-ny","no","2026-07-29",""
"https://senseisandy.com/class-rules","200","index, follow","https://senseisandy.com/class-rules","Class Rules | Sensei Sandy BJJ Tannersville NY","","8","602","core","INDEX","index, follow","","yes","2026-07-29",""
"https://senseisandy.com/classes","301","noindex, follow","https://senseisandy.com/programs","","","0","","archive","REDIRECT","","https://senseisandy.com/programs","no","2026-07-29",""
"https://senseisandy.com/clean","200","noindex, follow","https://senseisandy.com/clean","Clean Lane | Sensei Sandy BJJ","","0","179","core","NOINDEX, FOLLOW","noindex, follow","","no","2026-07-29",""
"https://senseisandy.com/community-partners","200","noindex, follow","https://senseisandy.com/community-partners","Community Partners | Sensei Sandy BJJ","","354","418","core","NOINDEX, FOLLOW","noindex, follow","","no","2026-07-29",""
"https://senseisandy.com/community-service-bjj","301","noindex, follow","https://senseisandy.com/law-enforcement-bjj","","","0","","archive","REDIRECT","","https://senseisandy.com/law-enforcement-bjj","no","2026-07-29",""
"https://senseisandy.com/confidence-protocol","200","noindex, nofollow","https://senseisandy.com/free-bjj-intro-tannersville-ny","Sensei Sandy BJJ Free Intro","","0","139","core","NOINDEX, FOLLOW","noindex, follow","","no","2026-07-29",""
"https://senseisandy.com/contact","200","index, follow","https://senseisandy.com/contact","Contact Sensei Sandy BJJ | Tannersville NY","","389","427","core","INDEX","index, follow","","yes","2026-07-29",""
"https://senseisandy.com/contacts","301","noindex, follow","https://senseisandy.com/contact","","","0","","archive","REDIRECT","","https://senseisandy.com/contact","no","2026-07-29",""
"https://senseisandy.com/core-culture","301","noindex, follow","https://senseisandy.com/options-pricing","","","0","","archive","REDIRECT","","https://senseisandy.com/options-pricing","no","2026-07-29",""
"https://senseisandy.com/core-culture-parent-guide","200","index, follow","https://senseisandy.com/core-culture-parent-guide","Core Culture Parent Guide | Sensei Sandy BJJ","","356","1398","core","INDEX","index, follow","","yes","2026-07-29",""
"https://senseisandy.com/core-promise-full","200","index, follow","https://senseisandy.com/core-promise-full","","","0","131","core","INDEX","index, follow","","yes","2026-07-29",""
"https://senseisandy.com/core-promise-short","200","index, follow","https://senseisandy.com/core-promise-short","","","0","145","core","INDEX","index, follow","","yes","2026-07-29",""
"https://senseisandy.com/curriculum","301","noindex, follow","https://senseisandy.com/programs","","","0","","archive","REDIRECT","","https://senseisandy.com/programs","no","2026-07-29",""
"https://senseisandy.com/deer-mountain-inn","200","noindex, follow","https://senseisandy.com/deer-mountain-inn","Deer Mountain Inn Staff Reset Pass | Sensei Sandy BJJ","","1","893","core","NOINDEX, FOLLOW","noindex, follow","","no","2026-07-29",""
"https://senseisandy.com/drilling","200","index, follow","https://senseisandy.com/bjj-glossary/drilling","What Drilling Means in Brazilian Jiu-Jitsu | Sensei Sandy BJJ","","0","616","core","NOINDEX, FOLLOW","noindex, follow","","no","2026-07-29",""
"https://senseisandy.com/elite-concierge","200","noindex, follow","https://senseisandy.com/elite-concierge","Elite Concierge BJJ | Sensei Sandy BJJ","","2","920","core","NOINDEX, FOLLOW","noindex, follow","","no","2026-07-29",""
"https://senseisandy.com/faq","301","noindex, follow","https://senseisandy.com/bjj-faqs","","","0","","archive","REDIRECT","","https://senseisandy.com/bjj-faqs","no","2026-07-29",""
"https://senseisandy.com/faqs","301","noindex, follow","https://senseisandy.com/bjj-faqs","","","0","","archive","REDIRECT","","https://senseisandy.com/bjj-faqs","no","2026-07-29",""
"https://senseisandy.com/faqs.html","301","noindex, follow","https://senseisandy.com/bjj-faqs","","","0","","archive","REDIRECT","","https://senseisandy.com/bjj-faqs","no","2026-07-29",""
"https://senseisandy.com/frames","200","index, follow","https://senseisandy.com/bjj-glossary/frames","What Frames Mean in Brazilian Jiu-Jitsu | Sensei Sandy BJJ","","0","670","core","NOINDEX, FOLLOW","noindex, follow","","no","2026-07-29",""
"https://senseisandy.com/free-bjj-intro-tannersville-ny","200","index, follow","https://senseisandy.com/free-bjj-intro-tannersville-ny","Reserve Your Free Intro | Sensei Sandy BJJ","","1157","591","core","INDEX","index, follow","","yes","2026-07-29",""
"https://senseisandy.com/free-bjj-intro-tannersville-ny/adults","200","index, follow","https://senseisandy.com/bjj-classes/adults-tannersville-ny","Redirecting to Adults | Sensei Sandy BJJ","","0","132","core","NOINDEX, FOLLOW","noindex, follow","","no","2026-07-29",""
"https://senseisandy.com/free-bjj-intro-tannersville-ny/kids","200","index, follow","https://senseisandy.com/bjj-classes/kids-tannersville-ny","Redirecting to Kids | Sensei Sandy BJJ","","0","131","core","NOINDEX, FOLLOW","noindex, follow","","no","2026-07-29",""
"https://senseisandy.com/free-bjj-intro-tannersville-ny/teens","200","index, follow","https://senseisandy.com/bjj-classes/teens-tannersville-ny","Redirecting to Teens | Sensei Sandy BJJ","","0","131","core","NOINDEX, FOLLOW","noindex, follow","","no","2026-07-29",""
"https://senseisandy.com/free-bjj-intro-tannersville-nyadults","301","noindex, follow","https://senseisandy.com/adult-bjj","","","0","","archive","REDIRECT","","https://senseisandy.com/adult-bjj","no","2026-07-29",""
"https://senseisandy.com/free-bjj-intro-tannersville-nykids","301","noindex, follow","https://senseisandy.com/kids","","","0","","archive","REDIRECT","","https://senseisandy.com/kids","no","2026-07-29",""
"https://senseisandy.com/free-bjj-intro-tannersville-nyteens","301","noindex, follow","https://senseisandy.com/teen-jiu-jitsu-tannersville-ny","","","0","","archive","REDIRECT","","https://senseisandy.com/teen-jiu-jitsu-tannersville-ny","no","2026-07-29",""
"https://senseisandy.com/free-intro","301","noindex, follow","https://senseisandy.com/free-bjj-intro-tannersville-ny","","","0","","archive","REDIRECT","","https://senseisandy.com/free-bjj-intro-tannersville-ny","no","2026-07-29",""
"https://senseisandy.com/friday-night-fanatics","200","index, follow","https://senseisandy.com/friday-night-fanatics","Friday Night Fanatics | Youth BJJ Tannersville NY","","2","1615","core","INDEX","index, follow","","yes","2026-07-29",""
"https://senseisandy.com/front-headlock-escape","200","index, follow","https://senseisandy.com/bjj-glossary/front-headlock-escape","Front Headlock Escape in BJJ | What Front Headlock Escape Means in Brazilian Jiu Jitsu | Sensei Sandy BJJ","","0","309","core","NOINDEX, FOLLOW","noindex, follow","","no","2026-07-29",""
"https://senseisandy.com/front-headlock-series","200","index, follow","https://senseisandy.com/bjj-glossary/front-headlock-series","Front Headlock Series in BJJ | What Front Headlock Series Means in Brazilian Jiu Jitsu | Sensei Sandy BJJ","","0","310","core","NOINDEX, FOLLOW","noindex, follow","","no","2026-07-29",""
"https://senseisandy.com/glossary/collar-tie","301","noindex, follow","https://senseisandy.com/bjj-glossary/collar-tie","","","0","","archive","REDIRECT","","https://senseisandy.com/bjj-glossary/collar-tie","no","2026-07-29",""
"https://senseisandy.com/glossary/guard-pass","301","noindex, follow","https://senseisandy.com/bjj-glossary/guard-pass","","","0","","archive","REDIRECT","","https://senseisandy.com/bjj-glossary/guard-pass","no","2026-07-29",""
"https://senseisandy.com/glossary/guard-retention","301","noindex, follow","https://senseisandy.com/bjj-glossary/guard-retention","","","0","","archive","REDIRECT","","https://senseisandy.com/bjj-glossary/guard-retention","no","2026-07-29",""
"https://senseisandy.com/glossary/hooks","301","noindex, follow","https://senseisandy.com/bjj-glossary/hooks","","","0","","archive","REDIRECT","","https://senseisandy.com/bjj-glossary/hooks","no","2026-07-29",""
"https://senseisandy.com/glossary/knee-line","301","noindex, follow","https://senseisandy.com/bjj-glossary/knee-line","","","0","","archive","REDIRECT","","https://senseisandy.com/bjj-glossary/knee-line","no","2026-07-29",""
"https://senseisandy.com/glossary/knee-shield","301","noindex, follow","https://senseisandy.com/bjj-glossary/knee-shield","","","0","","archive","REDIRECT","","https://senseisandy.com/bjj-glossary/knee-shield","no","2026-07-29",""
"https://senseisandy.com/glossary/lapel-grip","301","noindex, follow","https://senseisandy.com/bjj-glossary/lapel-grip","","","0","","archive","REDIRECT","","https://senseisandy.com/bjj-glossary/lapel-grip","no","2026-07-29",""
"https://senseisandy.com/glossary/pressure","301","noindex, follow","https://senseisandy.com/bjj-glossary/pressure","","","0","","archive","REDIRECT","","https://senseisandy.com/bjj-glossary/pressure","no","2026-07-29",""
"https://senseisandy.com/glossary/scramble","301","noindex, follow","https://senseisandy.com/bjj-glossary/scramble","","","0","","archive","REDIRECT","","https://senseisandy.com/bjj-glossary/scramble","no","2026-07-29",""
"https://senseisandy.com/glossary/turtle","301","noindex, follow","https://senseisandy.com/bjj-glossary/turtle","","","0","","archive","REDIRECT","","https://senseisandy.com/bjj-glossary/turtle","no","2026-07-29",""
"https://senseisandy.com/glossary/wrist-control","301","noindex, follow","https://senseisandy.com/bjj-glossary/wrist-control","","","0","","archive","REDIRECT","","https://senseisandy.com/bjj-glossary/wrist-control","no","2026-07-29",""
"https://senseisandy.com/guarantee-terms","200","index, follow","https://senseisandy.com/guarantee-terms","30-Day Confidence Guarantee | Sensei Sandy BJJ","","3","282","policy","INDEX","index, follow","","yes","2026-07-29",""
"https://senseisandy.com/holiday-schedule","200","index, follow","https://senseisandy.com/holiday-schedule","Holiday Schedule | Sensei Sandy BJJ Tannersville NY","","351","1023","core","INDEX","index, follow","","yes","2026-07-29",""
"https://senseisandy.com/how-class-works","200","index, follow","https://senseisandy.com/how-class-works","How a BJJ Class Works in Tannersville, NY","","356","705","core","INDEX","index, follow","","yes","2026-07-29",""
"https://senseisandy.com/how-it-works","301","noindex, follow","https://senseisandy.com/","","","0","","archive","REDIRECT","","https://senseisandy.com/","no","2026-07-29",""
"https://senseisandy.com/how-to-start","301","noindex, follow","https://senseisandy.com/free-bjj-intro-tannersville-ny","","","0","","archive","REDIRECT","","https://senseisandy.com/free-bjj-intro-tannersville-ny","no","2026-07-29",""
"https://senseisandy.com/hunter-jiu-jitsu","301","noindex, follow","https://senseisandy.com/near/hunter-ny","","","0","","archive","REDIRECT","","https://senseisandy.com/near/hunter-ny","no","2026-07-29",""
"https://senseisandy.com/hunter-ny-jiu-jitsu","301","noindex, follow","https://senseisandy.com/near/hunter-ny","","","0","","archive","REDIRECT","","https://senseisandy.com/near/hunter-ny","no","2026-07-29",""
"https://senseisandy.com/inclusion","200","index, follow","https://senseisandy.com/inclusion","Inclusion at Sensei Sandy BJJ | Tannersville NY","","3","802","core","INDEX","index, follow","","yes","2026-07-29",""
"https://senseisandy.com/instagram","200","noindex, follow","https://senseisandy.com/instagram","Instagram Start Here | Sensei Sandy BJJ","","0","620","core","NOINDEX, FOLLOW","noindex, follow","","no","2026-07-29",""
"https://senseisandy.com/jiu-jitsu-safety-tannersville-ny","200","index, follow","https://senseisandy.com/jiu-jitsu-safety-tannersville-ny","Safe Beginner Jiu Jitsu in Tannersville NY | Sensei Sandy BJJ","","6","1011","core","INDEX","index, follow","","yes","2026-07-29",""
"https://senseisandy.com/jiu-jitsu-sandy","301","noindex, follow","https://senseisandy.com/sensei-jiu-jitsu","","","0","","archive","REDIRECT","","https://senseisandy.com/sensei-jiu-jitsu","no","2026-07-29",""
"https://senseisandy.com/kids-bjj","301","noindex, follow","https://senseisandy.com/kids","","","0","","archive","REDIRECT","","https://senseisandy.com/kids","no","2026-07-29",""
"https://senseisandy.com/kids.html","301","noindex, follow","https://senseisandy.com/kids","","","0","","archive","REDIRECT","","https://senseisandy.com/kids","no","2026-07-29",""
"https://senseisandy.com/law-enforcement-bjj","200","index, follow","https://senseisandy.com/law-enforcement-bjj","Law Enforcement BJJ in Tannersville, NY | Tactical Longevity","","8","1276","core","INDEX","index, follow","","yes","2026-07-29",""
"https://senseisandy.com/local-bjj-tournaments-for-parents","200","index, follow","https://senseisandy.com/local-bjj-tournaments-for-parents","Local BJJ Tournaments for Kids and Teens Near Tannersville NY","","2","537","core","INDEX","index, follow","","yes","2026-07-29",""
"https://senseisandy.com/members/holiday-routine","200","noindex, follow","https://senseisandy.com/members/holiday-routine","December Holiday Routine | Member Portal | Sensei Sandy BJJ","","1","414","core","NOINDEX, FOLLOW","noindex, follow","","no","2026-07-29",""
"https://senseisandy.com/members/winter-training-plan","200","noindex, follow","https://senseisandy.com/members/winter-training-plan","Winter Training Plan | Member Invitation | Sensei Sandy BJJ","","1","409","core","NOINDEX, FOLLOW","noindex, follow","","no","2026-07-29",""
"https://senseisandy.com/mountain-pass","301","noindex, follow","https://senseisandy.com/free-bjj-intro-tannersville-ny","","","0","","archive","REDIRECT","","https://senseisandy.com/free-bjj-intro-tannersville-ny","no","2026-07-29",""
"https://senseisandy.com/mountain-pass-print","301","noindex, follow","https://senseisandy.com/","","","0","","archive","REDIRECT","","https://senseisandy.com/","no","2026-07-29",""
"https://senseisandy.com/mountain-pass-print.html","301","noindex, follow","https://senseisandy.com/","","","0","","archive","REDIRECT","","https://senseisandy.com/","no","2026-07-29",""
"https://senseisandy.com/near/cairo-ny","200","noindex, follow","https://senseisandy.com/bjj-classes/cairo-ny","Brazilian Jiu-Jitsu Near Cairo NY | Sensei Sandy BJJ","","0","852","location","REDIRECT","","https://senseisandy.com/bjj-classes/cairo-ny","no","2026-07-29",""
"https://senseisandy.com/near/catskill-ny","200","noindex, follow","https://senseisandy.com/bjj-classes/catskill-ny","Brazilian Jiu-Jitsu Near Catskill NY | Sensei Sandy BJJ","","2","836","location","REDIRECT","","https://senseisandy.com/bjj-classes/catskill-ny","no","2026-07-29",""
"https://senseisandy.com/near/elka-park-ny","301","noindex, follow","https://senseisandy.com/near/east-jewett-ny","","","0","","archive","REDIRECT","","https://senseisandy.com/near/east-jewett-ny","no","2026-07-29",""
"https://senseisandy.com/near/esopus-creek-phoenicia","301","noindex, follow","https://senseisandy.com/near/phoenicia-ny","","","0","","archive","REDIRECT","","https://senseisandy.com/near/phoenicia-ny","no","2026-07-29",""
"https://senseisandy.com/near/haines-falls","301","noindex, follow","https://senseisandy.com/near/haines-falls-ny","","","0","","archive","REDIRECT","","https://senseisandy.com/near/haines-falls-ny","no","2026-07-29",""
"https://senseisandy.com/near/haines-falls-ny","200","noindex, follow","https://senseisandy.com/bjj-classes/haines-falls-ny","Kids Martial Arts Near Haines Falls NY | Sensei Sandy BJJ","","3","889","location","REDIRECT","","https://senseisandy.com/bjj-classes/haines-falls-ny","no","2026-07-29",""
"https://senseisandy.com/near/hunter-mountain","301","noindex, follow","https://senseisandy.com/near/hunter-ny","","","0","","archive","REDIRECT","","https://senseisandy.com/near/hunter-ny","no","2026-07-29",""
"https://senseisandy.com/near/hunter-ny","200","noindex, follow","https://senseisandy.com/bjj-classes/hunter-ny","Brazilian Jiu-Jitsu Near Hunter NY | Sensei Sandy BJJ","","4","876","location","REDIRECT","","https://senseisandy.com/bjj-classes/hunter-ny","no","2026-07-29",""
"https://senseisandy.com/near/jewett-east-jewett-ny","301","noindex, follow","https://senseisandy.com/near/east-jewett-ny","","","0","","archive","REDIRECT","","https://senseisandy.com/near/east-jewett-ny","no","2026-07-29",""
"https://senseisandy.com/near/jewett-ny","301","noindex, follow","https://senseisandy.com/near/east-jewett-ny","","","0","","archive","REDIRECT","","https://senseisandy.com/near/east-jewett-ny","no","2026-07-29",""
"https://senseisandy.com/near/kaaterskill-falls","301","noindex, follow","https://senseisandy.com/near/palenville-ny","","","0","","archive","REDIRECT","","https://senseisandy.com/near/palenville-ny","no","2026-07-29",""
"https://senseisandy.com/near/lanesville-ny","301","noindex, follow","https://senseisandy.com/near/phoenicia-ny","","","0","","archive","REDIRECT","","https://senseisandy.com/near/phoenicia-ny","no","2026-07-29",""
"https://senseisandy.com/near/lexington-ny","301","noindex, follow","https://senseisandy.com/near/windham-ny","","","0","","archive","REDIRECT","","https://senseisandy.com/near/windham-ny","no","2026-07-29",""
"https://senseisandy.com/near/onteora-park-ny","301","noindex, follow","https://senseisandy.com/near/east-jewett-ny","","","0","","archive","REDIRECT","","https://senseisandy.com/near/east-jewett-ny","no","2026-07-29",""
"https://senseisandy.com/near/palenville-ny","200","noindex, follow","https://senseisandy.com/bjj-classes/palenville-ny","Brazilian Jiu-Jitsu Near Palenville NY | Sensei Sandy BJJ","","4","841","location","REDIRECT","","https://senseisandy.com/bjj-classes/palenville-ny","no","2026-07-29",""
"https://senseisandy.com/near/saugerties-ny","301","noindex, follow","https://senseisandy.com/near/woodstock-ny","","","0","","archive","REDIRECT","","https://senseisandy.com/near/woodstock-ny","no","2026-07-29",""
"https://senseisandy.com/near/tannersville-ny","301","noindex, follow","https://senseisandy.com/programs","","","0","","archive","REDIRECT","","https://senseisandy.com/programs","no","2026-07-29",""
"https://senseisandy.com/near/template","200","index, follow","https://senseisandy.com/near/[slug]","[MetaTitle]","","0","383","location","NOINDEX, FOLLOW","noindex, follow","","no","2026-07-29",""
"https://senseisandy.com/near/windham-mountain","301","noindex, follow","https://senseisandy.com/near/windham-mountain-club","","","0","","archive","REDIRECT","","https://senseisandy.com/near/windham-mountain-club","no","2026-07-29",""
"https://senseisandy.com/near/windham-ny","200","noindex, follow","https://senseisandy.com/bjj-classes/windham-ny","Brazilian Jiu-Jitsu Near Windham NY | Sensei Sandy BJJ","","2","2053","location","REDIRECT","","https://senseisandy.com/bjj-classes/windham-ny","no","2026-07-29",""
"https://senseisandy.com/nearby-towns","200","index, follow","https://senseisandy.com/nearby-towns","Nearby Towns: BJJ Classes Near Tannersville | SSBJJ","","1154","617","location","INDEX","index, follow","","yes","2026-07-29",""
"https://senseisandy.com/nervous-first-timers","200","index, follow","https://senseisandy.com/nervous-first-timers","Calm First BJJ Small-group class Guide | Sensei Sandy BJJ","","2","554","core","INDEX","index, follow","","yes","2026-07-29",""
"https://senseisandy.com/open-mat","200","index, follow","https://senseisandy.com/bjj-glossary/open-mat","What Open Mat Means in Brazilian Jiu-Jitsu | Sensei Sandy BJJ","","0","640","core","NOINDEX, FOLLOW","noindex, follow","","no","2026-07-29",""
"https://senseisandy.com/openingpress","301","noindex, follow","https://senseisandy.com/archive/openingpress","","","0","","archive","REDIRECT","","https://senseisandy.com/archive/openingpress","no","2026-07-29",""
"https://senseisandy.com/options","301","noindex, follow","https://senseisandy.com/options-pricing","","","0","","archive","REDIRECT","","https://senseisandy.com/options-pricing","no","2026-07-29",""
"https://senseisandy.com/options-pricing","200","index, follow","https://senseisandy.com/options-pricing","Options &amp;amp; Pricing in Tannersville NY | Sensei Sandy BJJ","","481","964","core","INDEX","index, follow","","yes","2026-07-29",""
"https://senseisandy.com/parent-resources","200","index, follow","https://senseisandy.com/parent-resources","Parent Resources | Sensei Sandy BJJ","","7","3319","core","INDEX","index, follow","","yes","2026-07-29",""
"https://senseisandy.com/partners-hospitality-hunter-windham","200","index, follow","https://senseisandy.com/partners-hospitality-hunter-windham","Hospitality Partners | Hunter/Windham Jiu-Jitsu","","353","644","core","INDEX","index, follow","","yes","2026-07-29",""
"https://senseisandy.com/partners-schools-parents","301","noindex, follow","https://senseisandy.com/school-families-jiu-jitsu","","","0","","archive","REDIRECT","","https://senseisandy.com/school-families-jiu-jitsu","no","2026-07-29",""
"https://senseisandy.com/partners-wellness-pt-referrals","200","index, follow","https://senseisandy.com/partners-wellness-pt-referrals","Wellness &amp;amp; PT Referrals | Private BJJ Coaching Catskills","","351","691","core","INDEX","index, follow","","yes","2026-07-29",""
"https://senseisandy.com/phoenicia-diner","200","noindex, follow","https://senseisandy.com/phoenicia-diner","Phoenicia Diner Staff Reset Pass | Sensei Sandy BJJ","","2","876","core","NOINDEX, FOLLOW","noindex, follow","","no","2026-07-29",""
"https://senseisandy.com/position","200","index, follow","https://senseisandy.com/bjj-glossary/position","What Position Means in Brazilian Jiu-Jitsu | Sensei Sandy BJJ","","0","610","core","NOINDEX, FOLLOW","noindex, follow","","no","2026-07-29",""
"https://senseisandy.com/pricing","301","noindex, follow","https://senseisandy.com/options-pricing","","","0","","archive","REDIRECT","","https://senseisandy.com/options-pricing","no","2026-07-29",""
"https://senseisandy.com/private-lessons","200","index, follow","https://senseisandy.com/private-lessons","Private BJJ Coaching Tannersville NY | Sensei Sandy BJJ","","400","1056","program","INDEX","index, follow","","yes","2026-07-29",""
"https://senseisandy.com/privates","301","noindex, follow","https://senseisandy.com/private-lessons","","","0","","archive","REDIRECT","","https://senseisandy.com/private-lessons","no","2026-07-29",""
"https://senseisandy.com/programs","200","index, follow","https://senseisandy.com/programs","Brazilian Jiu-Jitsu Programs in Tannersville NY","","28","1119","program","INDEX","index, follow","","yes","2026-07-29",""
"https://senseisandy.com/raffle-donation","301","noindex, follow","https://senseisandy.com/free-bjj-intro-tannersville-ny","","","0","","archive","REDIRECT","","https://senseisandy.com/free-bjj-intro-tannersville-ny","no","2026-07-29",""
"https://senseisandy.com/report-card","200","noindex, follow","https://senseisandy.com/report-card","Digital Twin Report Card | Sensei Sandy BJJ","","5","611","core","NOINDEX, FOLLOW","noindex, follow","","no","2026-07-29",""
"https://senseisandy.com/research/law-enforcement-bjj-evidence","200","index, follow","https://senseisandy.com/research/law-enforcement-bjj-evidence","Law Enforcement BJJ Evidence Hub | Sensei Sandy BJJ","","3","531","core","INDEX","index, follow","","yes","2026-07-29",""
"https://senseisandy.com/research/marietta-police-bjj-case-summary","200","index, follow","https://senseisandy.com/research/marietta-police-bjj-case-summary","Marietta Police BJJ Data | Law Enforcement Training Research","","5","541","core","INDEX","index, follow","","yes","2026-07-29",""
"https://senseisandy.com/reviews-village","200","index, follow","https://senseisandy.com/reviews-village","","","0","202","core","INDEX","index, follow","","yes","2026-07-29",""
"https://senseisandy.com/roll","200","index, follow","https://senseisandy.com/bjj-glossary/roll","What Roll Means in Brazilian Jiu-Jitsu | Sensei Sandy BJJ","","0","610","core","NOINDEX, FOLLOW","noindex, follow","","no","2026-07-29",""
"https://senseisandy.com/rural-bjj-catskills","200","noindex, follow","https://senseisandy.com/rural-bjj-catskills","Jiu-Jitsu in a Small Mountain Town | Sensei Sandy BJJ","","0","719","core","NOINDEX, FOLLOW","noindex, follow","","no","2026-07-29",""
"https://senseisandy.com/safety","301","noindex, follow","https://senseisandy.com/jiu-jitsu-safety-tannersville-ny","","","0","","archive","REDIRECT","","https://senseisandy.com/jiu-jitsu-safety-tannersville-ny","no","2026-07-29",""
"https://senseisandy.com/safety.html","301","noindex, follow","https://senseisandy.com/jiu-jitsu-safety-tannersville-ny","","","0","","archive","REDIRECT","","https://senseisandy.com/jiu-jitsu-safety-tannersville-ny","no","2026-07-29",""
"https://senseisandy.com/samurai-break","200","index, follow","https://senseisandy.com/samurai-break","Samurai Break: Quiet Power Time-Out | Sensei Sandy BJJ","","2","516","core","INDEX","index, follow","","yes","2026-07-29",""
"https://senseisandy.com/samuraibreak","301","noindex, follow","https://senseisandy.com/samurai-break","","","0","","archive","REDIRECT","","https://senseisandy.com/samurai-break","no","2026-07-29",""
"https://senseisandy.com/schedule","200","index, follow","https://senseisandy.com/schedule","BJJ Schedule in Tannersville NY | Kids, Teens &amp;amp; Adults","","998","854","core","INDEX","index, follow","","yes","2026-07-29",""
"https://senseisandy.com/schedule.html","301","noindex, follow","https://senseisandy.com/schedule","","","0","","archive","REDIRECT","","https://senseisandy.com/schedule","no","2026-07-29",""
"https://senseisandy.com/schedules","301","noindex, follow","https://senseisandy.com/schedule","","","0","","archive","REDIRECT","","https://senseisandy.com/schedule","no","2026-07-29",""
"https://senseisandy.com/school-families-jiu-jitsu","200","noindex, follow","https://senseisandy.com/school-families-jiu-jitsu","School Families | Kids &amp;amp; Teens Jiu-Jitsu, Tannersville","","2","621","core","NOINDEX, FOLLOW","noindex, follow","","no","2026-07-29",""
"https://senseisandy.com/scribners","200","index, follow","https://senseisandy.com/scribners","Scribner’s Staff Reset Pass | Sensei Sandy BJJ","","5","888","core","INDEX","index, follow","","yes","2026-07-29",""
"https://senseisandy.com/scribners-jiu-jitsu","200","index, follow","https://senseisandy.com/scribners-jiu-jitsu","Scribner&#39;s Guests | Private Jiu-Jitsu Coaching","","2","745","core","INDEX","index, follow","","yes","2026-07-29",""
"https://senseisandy.com/scribners-staff-reset-pass","410","noindex, follow","https://senseisandy.com/scribners-staff-reset-pass","Scribner&#39;s Staff Reset Pass | Sensei Sandy BJJ","","1","378","conversion","REMOVE","","","no","2026-07-29",""
"https://senseisandy.com/scribners-thank-you","410","noindex, follow","https://senseisandy.com/scribners-thank-you","Thanks | Scribner’s Staff Reset Pass","","1","331","conversion","REMOVE","","","no","2026-07-29",""
"https://senseisandy.com/sensei-bully","200","noindex, follow","https://senseisandy.com/bully-proof-jiu-jitsu-tannersville-ny","Bully-Proof Jiu-Jitsu for Kids in Tannersville NY","","0","943","core","REDIRECT","","https://senseisandy.com/bully-proof-jiu-jitsu-tannersville-ny","no","2026-07-29",""
"https://senseisandy.com/sensei-jiu-jitsu","200","index, follow","https://senseisandy.com/sensei-jiu-jitsu","Sensei Jiu Jitsu Tannersville NY | Sensei Sandy BJJ","","365","3145","core","INDEX","index, follow","","yes","2026-07-29",""
"https://senseisandy.com/sensei-studio","200","index, follow","https://senseisandy.com/sensei-studio","Sensei Studio BJJ Tannersville NY | Jiu Jitsu Sandy","","350","1305","core","INDEX","index, follow","","yes","2026-07-29",""
"https://senseisandy.com/show-up-kit","200","noindex, follow","https://senseisandy.com/show-up-kit","Show-Up Kit for Your First BJJ Class | Sensei Sandy","","434","682","core","NOINDEX, FOLLOW","noindex, follow","","no","2026-07-29",""
"https://senseisandy.com/snap-down-defense","200","index, follow","https://senseisandy.com/bjj-glossary/snap-down-defense","Snap Down Defense in BJJ | What Snap Down Defense Means in Brazilian Jiu Jitsu | Sensei Sandy BJJ","","0","311","core","NOINDEX, FOLLOW","noindex, follow","","no","2026-07-29",""
"https://senseisandy.com/snippets/webp-picture","200","index, follow","https://senseisandy.com/snippets/webp-picture","","","0","120","core","INDEX","index, follow","","yes","2026-07-29",""
"https://senseisandy.com/sources","200","index, follow","https://senseisandy.com/sources","Training Sources &amp; Scientific Context | Sensei Sandy BJJ","","5","406","core","INDEX","index, follow","","yes","2026-07-29",""
"https://senseisandy.com/sources/cdc-physical-activity","200","index, follow","https://senseisandy.com/sources/cdc-physical-activity","CDC Physical Activity Guidance Source | Sensei Sandy BJJ","","1","494","core","INDEX","index, follow","","yes","2026-07-29",""
"https://senseisandy.com/sources/clockwork-bjj-instructors","200","index, follow","https://senseisandy.com/sources/clockwork-bjj-instructors","Josh Griffiths &amp;amp; Clockwork Jiu Jitsu | Sensei Sandy BJJ","","2","334","core","INDEX","index, follow","","yes","2026-07-29",""
"https://senseisandy.com/sources/gracie-academy","200","index, follow","https://senseisandy.com/sources/gracie-academy","Gracie Academy Background Source | Sensei Sandy BJJ","","6","475","core","INDEX","index, follow","","yes","2026-07-29",""
"https://senseisandy.com/sources/kenny-florian","200","index, follow","https://senseisandy.com/sources/kenny-florian","Kenny Florian Technical Profile Source | Sensei Sandy BJJ","","4","451","core","INDEX","index, follow","","yes","2026-07-29",""
"https://senseisandy.com/sources/kodokan-etiquette","200","index, follow","https://senseisandy.com/sources/kodokan-etiquette","Kodokan Etiquette Source | Sensei Sandy BJJ","","3","163","core","INDEX","index, follow","","yes","2026-07-29",""
"https://senseisandy.com/sources/marietta-police-bjj","200","index, follow","https://senseisandy.com/sources/marietta-police-bjj","Marietta Police BJJ Study Source | Sensei Sandy BJJ","","3","460","core","INDEX","index, follow","","yes","2026-07-29",""
"https://senseisandy.com/start-here","301","noindex, follow","https://senseisandy.com/free-bjj-intro-tannersville-ny","","","0","","archive","REDIRECT","","https://senseisandy.com/free-bjj-intro-tannersville-ny","no","2026-07-29",""
"https://senseisandy.com/stretches","301","noindex, follow","https://senseisandy.com/bjj-stretches","","","0","","archive","REDIRECT","","https://senseisandy.com/bjj-stretches","no","2026-07-29",""
"https://senseisandy.com/student-hub","200","noindex, follow","https://senseisandy.com/student-hub","Student Hub | Sensei Sandy BJJ Weekly Small-group class Focus","","190","517","core","NOINDEX, FOLLOW","noindex, follow","","no","2026-07-29",""
"https://senseisandy.com/success-stories","200","index, follow","https://senseisandy.com/success-stories","Success Stories | Sensei Sandy BJJ, Real Results, Real Community","","356","713","core","INDEX","index, follow","","yes","2026-07-29",""
"https://senseisandy.com/summer","301","noindex, follow","https://senseisandy.com/bjj-classes/kids-tannersville-ny","","","0","","archive","REDIRECT","","https://senseisandy.com/bjj-classes/kids-tannersville-ny","no","2026-07-29",""
"https://senseisandy.com/summer-academy","200","noindex, follow","https://senseisandy.com/summer-academy","Kids Summer Jiu-Jitsu in Tannersville NY | 2026 Academy","","1","1981","campaign","NOINDEX, FOLLOW","noindex, follow","","no","2026-07-29",""
"https://senseisandy.com/summer-bjj-tannersville","301","noindex, follow","https://senseisandy.com/bjj-classes/kids-tannersville-ny","","","0","","archive","REDIRECT","","https://senseisandy.com/bjj-classes/kids-tannersville-ny","no","2026-07-29",""
"https://senseisandy.com/summer-jiu-jitsu-tannersville","301","noindex, follow","https://senseisandy.com/bjj-classes/kids-tannersville-ny","","","0","","archive","REDIRECT","","https://senseisandy.com/bjj-classes/kids-tannersville-ny","no","2026-07-29",""
"https://senseisandy.com/sweep-single","200","index, follow","https://senseisandy.com/bjj-glossary/sweep-single","Sweep Single Leg Takedown | Sensei Sandy BJJ","","0","647","core","NOINDEX, FOLLOW","noindex, follow","","no","2026-07-29",""
"https://senseisandy.com/tactical-longevity","200","index, follow","https://senseisandy.com/law-enforcement-bjj","Tactical Longevity Training | Sensei Sandy BJJ","","0","1199","core","NOINDEX, FOLLOW","noindex, follow","","no","2026-07-29",""
"https://senseisandy.com/tannersville-bjj-video-library","301","noindex, follow","https://senseisandy.com/bjj-videos","","","0","","archive","REDIRECT","","https://senseisandy.com/bjj-videos","no","2026-07-29",""
"https://senseisandy.com/tannersville-jiu-jitsu","301","noindex, follow","https://senseisandy.com/programs","","","0","","archive","REDIRECT","","https://senseisandy.com/programs","no","2026-07-29",""
"https://senseisandy.com/teens","301","noindex, follow","https://senseisandy.com/teen-jiu-jitsu-tannersville-ny","","","0","","archive","REDIRECT","","https://senseisandy.com/teen-jiu-jitsu-tannersville-ny","no","2026-07-29",""
"https://senseisandy.com/teens-bjj","301","noindex, follow","https://senseisandy.com/teen-jiu-jitsu-tannersville-ny","","","0","","archive","REDIRECT","","https://senseisandy.com/teen-jiu-jitsu-tannersville-ny","no","2026-07-29",""
"https://senseisandy.com/teens.html","301","noindex, follow","https://senseisandy.com/teen-jiu-jitsu-tannersville-ny","","","0","","archive","REDIRECT","","https://senseisandy.com/teen-jiu-jitsu-tannersville-ny","no","2026-07-29",""
"https://senseisandy.com/updates","200","index, follow","https://senseisandy.com/bjj-glossary/updates","Jiu-Jitsu Glossary Updates | Sensei Sandy BJJ","","0","856","core","NOINDEX, FOLLOW","noindex, follow","","no","2026-07-29",""
"https://senseisandy.com/videos","200","noindex, follow","https://senseisandy.com/videos","Videos | Sensei Sandy BJJ","","0","134","core","NOINDEX, FOLLOW","noindex, follow","","no","2026-07-29",""
"https://senseisandy.com/videos/25-2025-MZI3kDzmaU8","301","noindex, follow","https://senseisandy.com/videos/25-2025-mzi3kdzmau8","","","0","","archive","REDIRECT","","https://senseisandy.com/videos/25-2025-mzi3kdzmau8","no","2026-07-29",""
"https://senseisandy.com/videos/25-for-2025-mzi3kdzmau8","301","noindex, follow","https://senseisandy.com/videos/25-2025-mzi3kdzmau8","","","0","","archive","REDIRECT","","https://senseisandy.com/videos/25-2025-mzi3kdzmau8","no","2026-07-29",""
"https://senseisandy.com/videos/25-for-2025-MZI3kDzmaU8","301","noindex, follow","https://senseisandy.com/videos/25-2025-mzi3kdzmau8","","","0","","archive","REDIRECT","","https://senseisandy.com/videos/25-2025-mzi3kdzmau8","no","2026-07-29",""
"https://senseisandy.com/videos/4pm-class-5wXyFR6f2yc","301","noindex, follow","https://senseisandy.com/videos/4pm-class-5wxyfr6f2yc","","","0","","archive","REDIRECT","","https://senseisandy.com/videos/4pm-class-5wxyfr6f2yc","no","2026-07-29",""
"https://senseisandy.com/videos/4pm-kid-takedowns-in-tannersville-isrhsakxmco","301","noindex, follow","https://senseisandy.com/videos/4pm-kid-takedowns-tannersville-isrhsakxmco","","","0","","archive","REDIRECT","","https://senseisandy.com/videos/4pm-kid-takedowns-tannersville-isrhsakxmco","no","2026-07-29",""
"https://senseisandy.com/videos/4pm-kid-takedowns-in-tannersville-IsRHsAKxmCo","301","noindex, follow","https://senseisandy.com/videos/4pm-kid-takedowns-tannersville-isrhsakxmco","","","0","","archive","REDIRECT","","https://senseisandy.com/videos/4pm-kid-takedowns-tannersville-isrhsakxmco","no","2026-07-29",""
"https://senseisandy.com/videos/4pm-kid-takedowns-tannersville-IsRHsAKxmCo","301","noindex, follow","https://senseisandy.com/videos/4pm-kid-takedowns-tannersville-isrhsakxmco","","","0","","archive","REDIRECT","","https://senseisandy.com/videos/4pm-kid-takedowns-tannersville-isrhsakxmco","no","2026-07-29",""
"https://senseisandy.com/videos/4pm-kids-5K-uN3MYncU","301","noindex, follow","https://senseisandy.com/videos/4pm-kids-5k-un3myncu","","","0","","archive","REDIRECT","","https://senseisandy.com/videos/4pm-kids-5k-un3myncu","no","2026-07-29",""
"https://senseisandy.com/videos/5pm--HuSzeaTXuY","301","noindex, follow","https://senseisandy.com/videos/5pm-teens-jmr7m3e5com","","","0","","archive","REDIRECT","","https://senseisandy.com/videos/5pm-teens-jmr7m3e5com","no","2026-07-29",""
"https://senseisandy.com/videos/5pm-teens-Jmr7M3E5CoM","301","noindex, follow","https://senseisandy.com/videos/5pm-teens-jmr7m3e5com","","","0","","archive","REDIRECT","","https://senseisandy.com/videos/5pm-teens-jmr7m3e5com","no","2026-07-29",""
"https://senseisandy.com/videos/6-pm-bjj-class-preview-session-1-l5hh632g2h4-l5hh632g2h4","301","noindex, follow","https://senseisandy.com/videos/6-pm-bjj-class-preview-session-1-l5hh632g2h4","","","0","","archive","REDIRECT","","https://senseisandy.com/videos/6-pm-bjj-class-preview-session-1-l5hh632g2h4","no","2026-07-29",""
"https://senseisandy.com/videos/6-pm-bjj-class-preview-session-2-lqtzpvkiw7y-lqtzpvkiw7y","301","noindex, follow","https://senseisandy.com/videos/6-pm-bjj-class-preview-session-2-lqtzpvkiw7y","","","0","","archive","REDIRECT","","https://senseisandy.com/videos/6-pm-bjj-class-preview-session-2-lqtzpvkiw7y","no","2026-07-29",""
"https://senseisandy.com/videos/6pm-adults-NS5gBmsJW9I","301","noindex, follow","https://senseisandy.com/videos/6pm-adults-ns5gbmsjw9i","","","0","","archive","REDIRECT","","https://senseisandy.com/videos/6pm-adults-ns5gbmsjw9i","no","2026-07-29",""
"https://senseisandy.com/videos/6pm-L5hh632g2h4","301","noindex, follow","https://senseisandy.com/videos/6-pm-bjj-class-preview-session-1-l5hh632g2h4","","","0","","archive","REDIRECT","","https://senseisandy.com/videos/6-pm-bjj-class-preview-session-1-l5hh632g2h4","no","2026-07-29",""
"https://senseisandy.com/videos/6pm-lQtzpVkiW7Y","301","noindex, follow","https://senseisandy.com/videos/6-pm-bjj-class-preview-session-2-lqtzpvkiw7y","","","0","","archive","REDIRECT","","https://senseisandy.com/videos/6-pm-bjj-class-preview-session-2-lqtzpvkiw7y","no","2026-07-29",""
"https://senseisandy.com/videos/adult-brazilian-jiu-jitsu-beginner-class-mat-returns-lAtXJ0ov1SA","301","noindex, follow","https://senseisandy.com/bjj-videos","","","0","","archive","REDIRECT","","https://senseisandy.com/bjj-videos","no","2026-07-29",""
"https://senseisandy.com/videos/angle-b-cows-sharks-and-bears-oh-my-in-tannersville-brazilian-jiu-jitsu-class-TIparvZ3974","301","noindex, follow","https://senseisandy.com/videos/angle-b-cows-sharks-bears-oh-my-tannersville-tiparvz3974","","","0","","archive","REDIRECT","","https://senseisandy.com/videos/angle-b-cows-sharks-bears-oh-my-tannersville-tiparvz3974","no","2026-07-29",""
"https://senseisandy.com/videos/angle-b-cows-sharks-and-bears-oh-my-in-tannersville-tiparvz3974","301","noindex, follow","https://senseisandy.com/videos/angle-b-cows-sharks-bears-oh-my-tannersville-tiparvz3974","","","0","","archive","REDIRECT","","https://senseisandy.com/videos/angle-b-cows-sharks-bears-oh-my-tannersville-tiparvz3974","no","2026-07-29",""
"https://senseisandy.com/videos/angle-b-cows-sharks-and-bears-oh-my-in-tannersville-TIparvZ3974","301","noindex, follow","https://senseisandy.com/videos/angle-b-cows-sharks-bears-oh-my-tannersville-tiparvz3974","","","0","","archive","REDIRECT","","https://senseisandy.com/videos/angle-b-cows-sharks-bears-oh-my-tannersville-tiparvz3974","no","2026-07-29",""
"https://senseisandy.com/videos/angle-b-cows-sharks-bears-oh-my-tannersville-TIparvZ3974","301","noindex, follow","https://senseisandy.com/videos/angle-b-cows-sharks-bears-oh-my-tannersville-tiparvz3974","","","0","","archive","REDIRECT","","https://senseisandy.com/videos/angle-b-cows-sharks-bears-oh-my-tannersville-tiparvz3974","no","2026-07-29",""
"https://senseisandy.com/videos/bjj-brazilian-jiu-jitsu-kata-gatame-sabado-gigante-i2-ZxD8UKcc","301","noindex, follow","https://senseisandy.com/bjj-videos","","","0","","archive","REDIRECT","","https://senseisandy.com/bjj-videos","no","2026-07-29",""
"https://senseisandy.com/videos/bjj-class-breakdown-bed-sheet-takedown-bridge-and-roll-cxcaeoxc1e4","301","noindex, follow","https://senseisandy.com/videos/bjj-class-breakdown-bed-sheet-takedown-bridge-roll-cxcaeoxc1e4","","","0","","archive","REDIRECT","","https://senseisandy.com/videos/bjj-class-breakdown-bed-sheet-takedown-bridge-roll-cxcaeoxc1e4","no","2026-07-29",""
"https://senseisandy.com/videos/bjj-class-breakdown-bed-sheet-takedown-bridge-and-roll-CxcAeOXc1E4","301","noindex, follow","https://senseisandy.com/videos/bjj-class-breakdown-bed-sheet-takedown-bridge-roll-cxcaeoxc1e4","","","0","","archive","REDIRECT","","https://senseisandy.com/videos/bjj-class-breakdown-bed-sheet-takedown-bridge-roll-cxcaeoxc1e4","no","2026-07-29",""
"https://senseisandy.com/videos/bjj-class-breakdown-bed-sheet-takedown-bridge-and-roll-mount-escape-shin-ride-crackdown-CxcAeOXc1E4","301","noindex, follow","https://senseisandy.com/videos/bjj-class-breakdown-bed-sheet-takedown-bridge-roll-cxcaeoxc1e4","","","0","","archive","REDIRECT","","https://senseisandy.com/videos/bjj-class-breakdown-bed-sheet-takedown-bridge-roll-cxcaeoxc1e4","no","2026-07-29",""
"https://senseisandy.com/videos/bjj-class-breakdown-bed-sheet-takedown-bridge-roll-CxcAeOXc1E4","301","noindex, follow","https://senseisandy.com/videos/bjj-class-breakdown-bed-sheet-takedown-bridge-roll-cxcaeoxc1e4","","","0","","archive","REDIRECT","","https://senseisandy.com/videos/bjj-class-breakdown-bed-sheet-takedown-bridge-roll-cxcaeoxc1e4","no","2026-07-29",""
"https://senseisandy.com/videos/bjj-front-headlock-fundamentals-chin-strap-guillotine-finish-PAodMOpIVNk","301","noindex, follow","https://senseisandy.com/videos/bjj-front-headlock-fundamentals-chin-strap-guillotine-finish-paodmopivnk","","","0","","archive","REDIRECT","","https://senseisandy.com/videos/bjj-front-headlock-fundamentals-chin-strap-guillotine-finish-paodmopivnk","no","2026-07-29",""
"https://senseisandy.com/videos/bjj-front-headlock-fundamentals-chin-strap-guillotine-finish-shoulder-pressure-escape-PAodMOpIVNk","301","noindex, follow","https://senseisandy.com/videos/bjj-front-headlock-fundamentals-chin-strap-guillotine-finish-paodmopivnk","","","0","","archive","REDIRECT","","https://senseisandy.com/videos/bjj-front-headlock-fundamentals-chin-strap-guillotine-finish-paodmopivnk","no","2026-07-29",""
"https://senseisandy.com/videos/bjj-front-headlock-fundamentals-chin-strap-guillotine-paodmopivnk","301","noindex, follow","https://senseisandy.com/videos/bjj-front-headlock-fundamentals-chin-strap-guillotine-finish-paodmopivnk","","","0","","archive","REDIRECT","","https://senseisandy.com/videos/bjj-front-headlock-fundamentals-chin-strap-guillotine-finish-paodmopivnk","no","2026-07-29",""
"https://senseisandy.com/videos/bjj-front-headlock-fundamentals-chin-strap-guillotine-PAodMOpIVNk","301","noindex, follow","https://senseisandy.com/videos/bjj-front-headlock-fundamentals-chin-strap-guillotine-finish-paodmopivnk","","","0","","archive","REDIRECT","","https://senseisandy.com/videos/bjj-front-headlock-fundamentals-chin-strap-guillotine-finish-paodmopivnk","no","2026-07-29",""
"https://senseisandy.com/videos/bjj-fundamentals-catskills-belt-tie-breakfalls-mount-escape-ecxeL1PO6UE","301","noindex, follow","https://senseisandy.com/videos/bjj-fundamentals-catskills-belt-tie-breakfalls-mount-escape-ecxel1po6ue","","","0","","archive","REDIRECT","","https://senseisandy.com/videos/bjj-fundamentals-catskills-belt-tie-breakfalls-mount-escape-ecxel1po6ue","no","2026-07-29",""
"https://senseisandy.com/videos/bjj-fundamentals-in-the-catskills-belt-tie-breakfalls-ecxel1po6ue","301","noindex, follow","https://senseisandy.com/videos/bjj-fundamentals-catskills-belt-tie-breakfalls-mount-escape-ecxel1po6ue","","","0","","archive","REDIRECT","","https://senseisandy.com/videos/bjj-fundamentals-catskills-belt-tie-breakfalls-mount-escape-ecxel1po6ue","no","2026-07-29",""
"https://senseisandy.com/videos/bjj-fundamentals-in-the-catskills-belt-tie-breakfalls-ecxeL1PO6UE","301","noindex, follow","https://senseisandy.com/videos/bjj-fundamentals-catskills-belt-tie-breakfalls-mount-escape-ecxel1po6ue","","","0","","archive","REDIRECT","","https://senseisandy.com/videos/bjj-fundamentals-catskills-belt-tie-breakfalls-mount-escape-ecxel1po6ue","no","2026-07-29",""
"https://senseisandy.com/videos/bjj-fundamentals-in-the-catskills-belt-tie-breakfalls-mount-escape-crackdown-crucifix-ecxeL1PO6UE","301","noindex, follow","https://senseisandy.com/videos/bjj-fundamentals-catskills-belt-tie-breakfalls-mount-escape-ecxel1po6ue","","","0","","archive","REDIRECT","","https://senseisandy.com/videos/bjj-fundamentals-catskills-belt-tie-breakfalls-mount-escape-ecxel1po6ue","no","2026-07-29",""
"https://senseisandy.com/videos/bjj-pressure-concepts-paint-brush-elbow-chest-compression-kcbwC0dJXP4","301","noindex, follow","https://senseisandy.com/videos/bjj-pressure-concepts-paint-brush-elbow-chest-compression-kcbwc0djxp4","","","0","","archive","REDIRECT","","https://senseisandy.com/videos/bjj-pressure-concepts-paint-brush-elbow-chest-compression-kcbwc0djxp4","no","2026-07-29",""
"https://senseisandy.com/videos/bjj-pressure-concepts-paint-brush-elbow-chest-compression-north-south-control-kcbwC0dJXP4","301","noindex, follow","https://senseisandy.com/videos/bjj-pressure-concepts-paint-brush-elbow-chest-compression-kcbwc0djxp4","","","0","","archive","REDIRECT","","https://senseisandy.com/videos/bjj-pressure-concepts-paint-brush-elbow-chest-compression-kcbwc0djxp4","no","2026-07-29",""
"https://senseisandy.com/videos/brazilian-jiu-jitsu-beginner-intro-wednesday-no-gi-RWEVpph8AeI","301","noindex, follow","https://senseisandy.com/videos/brazilian-jiu-jitsu-beginner-intro-wednesday-no-gi-rwevpph8aei","","","0","","archive","REDIRECT","","https://senseisandy.com/videos/brazilian-jiu-jitsu-beginner-intro-wednesday-no-gi-rwevpph8aei","no","2026-07-29",""
"https://senseisandy.com/videos/brazilian-jiu-jitsu-teens-wednesday-no-gi-EtZMjYZFgKk","301","noindex, follow","https://senseisandy.com/videos/brazilian-jiu-jitsu-teens-wednesday-no-gi-etzmjyzfgkk","","","0","","archive","REDIRECT","","https://senseisandy.com/videos/brazilian-jiu-jitsu-teens-wednesday-no-gi-etzmjyzfgkk","no","2026-07-29",""
"https://senseisandy.com/videos/breakfalls-beginners-3-safe-get-ups-arm-triangle-Ioek3l5oqhY","301","noindex, follow","https://senseisandy.com/videos/breakfalls-beginners-3-safe-get-ups-arm-triangle-ioek3l5oqhy","","","0","","archive","REDIRECT","","https://senseisandy.com/videos/breakfalls-beginners-3-safe-get-ups-arm-triangle-ioek3l5oqhy","no","2026-07-29",""
"https://senseisandy.com/videos/breakfalls-for-beginners-3-safe-get-ups-arm-triangle-finish-bjj-class-games-Ioek3l5oqhY","301","noindex, follow","https://senseisandy.com/videos/breakfalls-beginners-3-safe-get-ups-arm-triangle-ioek3l5oqhy","","","0","","archive","REDIRECT","","https://senseisandy.com/videos/breakfalls-beginners-3-safe-get-ups-arm-triangle-ioek3l5oqhy","no","2026-07-29",""
"https://senseisandy.com/videos/breakfalls-for-beginners-3-safe-get-ups-arm-triangle-ioek3l5oqhy","301","noindex, follow","https://senseisandy.com/videos/breakfalls-beginners-3-safe-get-ups-arm-triangle-ioek3l5oqhy","","","0","","archive","REDIRECT","","https://senseisandy.com/videos/breakfalls-beginners-3-safe-get-ups-arm-triangle-ioek3l5oqhy","no","2026-07-29",""
"https://senseisandy.com/videos/breakfalls-for-beginners-3-safe-get-ups-arm-triangle-Ioek3l5oqhY","301","noindex, follow","https://senseisandy.com/videos/breakfalls-beginners-3-safe-get-ups-arm-triangle-ioek3l5oqhy","","","0","","archive","REDIRECT","","https://senseisandy.com/videos/breakfalls-beginners-3-safe-get-ups-arm-triangle-ioek3l5oqhy","no","2026-07-29",""
"https://senseisandy.com/videos/cow-tip-takedown-chest-control-plus-50-escape-rr8NoQAaumU","301","noindex, follow","https://senseisandy.com/videos/cow-tip-takedown-chest-control-plus-50-escape-rr8noqaaumu","","","0","","archive","REDIRECT","","https://senseisandy.com/videos/cow-tip-takedown-chest-control-plus-50-escape-rr8noqaaumu","no","2026-07-29",""
"https://senseisandy.com/videos/cow-tip-takedown-chest-to-chest-control-plus-50-50-escape-game-bjj-class-rr8NoQAaumU","301","noindex, follow","https://senseisandy.com/videos/cow-tip-takedown-chest-control-plus-50-escape-rr8noqaaumu","","","0","","archive","REDIRECT","","https://senseisandy.com/videos/cow-tip-takedown-chest-control-plus-50-escape-rr8noqaaumu","no","2026-07-29",""
"https://senseisandy.com/videos/cow-tip-takedown-chest-to-chest-control-plus-50-50-escape-rr8noqaaumu","301","noindex, follow","https://senseisandy.com/videos/cow-tip-takedown-chest-control-plus-50-escape-rr8noqaaumu","","","0","","archive","REDIRECT","","https://senseisandy.com/videos/cow-tip-takedown-chest-control-plus-50-escape-rr8noqaaumu","no","2026-07-29",""
"https://senseisandy.com/videos/cow-tip-takedown-chest-to-chest-control-plus-50-50-escape-rr8NoQAaumU","301","noindex, follow","https://senseisandy.com/videos/cow-tip-takedown-chest-control-plus-50-escape-rr8noqaaumu","","","0","","archive","REDIRECT","","https://senseisandy.com/videos/cow-tip-takedown-chest-control-plus-50-escape-rr8noqaaumu","no","2026-07-29",""
"https://senseisandy.com/videos/friday-9-30am-Hc-5NaiXKFw","301","noindex, follow","https://senseisandy.com/videos/friday-9-30am-hc-5naixkfw","","","0","","archive","REDIRECT","","https://senseisandy.com/videos/friday-9-30am-hc-5naixkfw","no","2026-07-29",""
"https://senseisandy.com/videos/friday-tannersville-kids-bjj-qf48JtbhJug","301","noindex, follow","https://senseisandy.com/videos/friday-tannersville-kids-bjj-qf48jtbhjug","","","0","","archive","REDIRECT","","https://senseisandy.com/videos/friday-tannersville-kids-bjj-qf48jtbhjug","no","2026-07-29",""
"https://senseisandy.com/videos/friday-tIcb1N-nMgc","301","noindex, follow","https://senseisandy.com/videos/friday-ticb1n-nmgc","","","0","","archive","REDIRECT","","https://senseisandy.com/videos/friday-ticb1n-nmgc","no","2026-07-29",""
"https://senseisandy.com/videos/front-headlock-escapes-spinning-turtle-rear-body-lock-escapes-50-50-safety-drills-bjj-class-s7jVPeRXqrg","301","noindex, follow","https://senseisandy.com/videos/front-headlock-escapes-spinning-turtle-rear-body-lock-s7jvperxqrg","","","0","","archive","REDIRECT","","https://senseisandy.com/videos/front-headlock-escapes-spinning-turtle-rear-body-lock-s7jvperxqrg","no","2026-07-29",""
"https://senseisandy.com/videos/front-headlock-escapes-spinning-turtle-rear-body-lock-s7jVPeRXqrg","301","noindex, follow","https://senseisandy.com/videos/front-headlock-escapes-spinning-turtle-rear-body-lock-s7jvperxqrg","","","0","","archive","REDIRECT","","https://senseisandy.com/videos/front-headlock-escapes-spinning-turtle-rear-body-lock-s7jvperxqrg","no","2026-07-29",""
"https://senseisandy.com/videos/games-loRFy-ndeNk","301","noindex, follow","https://senseisandy.com/videos/games-lorfy-ndenk","","","0","","archive","REDIRECT","","https://senseisandy.com/videos/games-lorfy-ndenk","no","2026-07-29",""
"https://senseisandy.com/videos/gi-brazilian-jiu-jitsu-thursday-teens-and-adults-AzptM1ssKTA","301","noindex, follow","https://senseisandy.com/bjj-videos","","","0","","archive","REDIRECT","","https://senseisandy.com/bjj-videos","no","2026-07-29",""
"https://senseisandy.com/videos/hair-grab-self-defense-duck-and-hug-takedown-mount-escape-db1lfepopv4","301","noindex, follow","https://senseisandy.com/videos/hair-grab-self-defense-duck-hug-takedown-mount-db1lfepopv4","","","0","","archive","REDIRECT","","https://senseisandy.com/videos/hair-grab-self-defense-duck-hug-takedown-mount-db1lfepopv4","no","2026-07-29",""
"https://senseisandy.com/videos/hair-grab-self-defense-duck-and-hug-takedown-mount-escape-db1LFEPOPv4","301","noindex, follow","https://senseisandy.com/videos/hair-grab-self-defense-duck-hug-takedown-mount-db1lfepopv4","","","0","","archive","REDIRECT","","https://senseisandy.com/videos/hair-grab-self-defense-duck-hug-takedown-mount-db1lfepopv4","no","2026-07-29",""
"https://senseisandy.com/videos/hair-grab-self-defense-duck-and-hug-takedown-mount-escape-youth-adult-bjj-class-db1LFEPOPv4","301","noindex, follow","https://senseisandy.com/videos/hair-grab-self-defense-duck-hug-takedown-mount-db1lfepopv4","","","0","","archive","REDIRECT","","https://senseisandy.com/videos/hair-grab-self-defense-duck-hug-takedown-mount-db1lfepopv4","no","2026-07-29",""
"https://senseisandy.com/videos/hair-grab-self-defense-duck-hug-takedown-mount-db1LFEPOPv4","301","noindex, follow","https://senseisandy.com/videos/hair-grab-self-defense-duck-hug-takedown-mount-db1lfepopv4","","","0","","archive","REDIRECT","","https://senseisandy.com/videos/hair-grab-self-defense-duck-hug-takedown-mount-db1lfepopv4","no","2026-07-29",""
"https://senseisandy.com/videos/high-elbow-guillotine-front-headlock-control-bjj-class-games-sparring-deep-dive-N0S6-u9KmHg","301","noindex, follow","https://senseisandy.com/videos/high-elbow-guillotine-front-headlock-control-bjj-class-n0s6-u9kmhg","","","0","","archive","REDIRECT","","https://senseisandy.com/videos/high-elbow-guillotine-front-headlock-control-bjj-class-n0s6-u9kmhg","no","2026-07-29",""
"https://senseisandy.com/videos/high-elbow-guillotine-front-headlock-control-bjj-class-N0S6-u9KmHg","301","noindex, follow","https://senseisandy.com/videos/high-elbow-guillotine-front-headlock-control-bjj-class-n0s6-u9kmhg","","","0","","archive","REDIRECT","","https://senseisandy.com/videos/high-elbow-guillotine-front-headlock-control-bjj-class-n0s6-u9kmhg","no","2026-07-29",""
"https://senseisandy.com/videos/hip-bump-sweep-cross-collar-choke-mount-detail-FeorkwVXnrE","301","noindex, follow","https://senseisandy.com/videos/hip-bump-sweep-cross-collar-choke-mount-detail-feorkwvxnre","","","0","","archive","REDIRECT","","https://senseisandy.com/videos/hip-bump-sweep-cross-collar-choke-mount-detail-feorkwvxnre","no","2026-07-29",""
"https://senseisandy.com/videos/hip-bump-sweep-cross-collar-choke-mount-detail-spiderweb-armbar-bjj-class-breakdown-FeorkwVXnrE","301","noindex, follow","https://senseisandy.com/videos/hip-bump-sweep-cross-collar-choke-mount-detail-feorkwvxnre","","","0","","archive","REDIRECT","","https://senseisandy.com/videos/hip-bump-sweep-cross-collar-choke-mount-detail-feorkwvxnre","no","2026-07-29",""
"https://senseisandy.com/videos/hip-bump-sweep-cross-collar-choke-mount-detail-spiderweb-feorkwvxnre","301","noindex, follow","https://senseisandy.com/videos/hip-bump-sweep-cross-collar-choke-mount-detail-feorkwvxnre","","","0","","archive","REDIRECT","","https://senseisandy.com/videos/hip-bump-sweep-cross-collar-choke-mount-detail-feorkwvxnre","no","2026-07-29",""
"https://senseisandy.com/videos/hip-bump-sweep-cross-collar-choke-mount-detail-spiderweb-FeorkwVXnrE","301","noindex, follow","https://senseisandy.com/videos/hip-bump-sweep-cross-collar-choke-mount-detail-feorkwvxnre","","","0","","archive","REDIRECT","","https://senseisandy.com/videos/hip-bump-sweep-cross-collar-choke-mount-detail-feorkwvxnre","no","2026-07-29",""
"https://senseisandy.com/videos/how-stand-up-safely-bjj-kickstand-head-position-zmmVEl-pf2U","301","noindex, follow","https://senseisandy.com/videos/how-stand-up-safely-bjj-kickstand-head-position-zmmvel-pf2u","","","0","","archive","REDIRECT","","https://senseisandy.com/videos/how-stand-up-safely-bjj-kickstand-head-position-zmmvel-pf2u","no","2026-07-29",""
"https://senseisandy.com/videos/how-to-stand-up-safely-in-bjj-kickstand-head-position-3-get-ups-loop-choke-finish-zmmVEl-pf2U","301","noindex, follow","https://senseisandy.com/videos/how-stand-up-safely-bjj-kickstand-head-position-zmmvel-pf2u","","","0","","archive","REDIRECT","","https://senseisandy.com/videos/how-stand-up-safely-bjj-kickstand-head-position-zmmvel-pf2u","no","2026-07-29",""
"https://senseisandy.com/videos/how-to-stand-up-safely-in-bjj-kickstand-head-position-3-zmmvel-pf2u","301","noindex, follow","https://senseisandy.com/videos/how-stand-up-safely-bjj-kickstand-head-position-zmmvel-pf2u","","","0","","archive","REDIRECT","","https://senseisandy.com/videos/how-stand-up-safely-bjj-kickstand-head-position-zmmvel-pf2u","no","2026-07-29",""
"https://senseisandy.com/videos/how-to-stand-up-safely-in-bjj-kickstand-head-position-3-zmmVEl-pf2U","301","noindex, follow","https://senseisandy.com/videos/how-stand-up-safely-bjj-kickstand-head-position-zmmvel-pf2u","","","0","","archive","REDIRECT","","https://senseisandy.com/videos/how-stand-up-safely-bjj-kickstand-head-position-zmmvel-pf2u","no","2026-07-29",""
"https://senseisandy.com/videos/kids-adults-bjj-class-breakfalls-grip-breaking-pogo-stick-pass-takedown-cross-body-pin-uk16CCtsKk8","301","noindex, follow","https://senseisandy.com/videos/kids-adults-bjj-class-breakfalls-grip-breaking-pogo-uk16cctskk8","","","0","","archive","REDIRECT","","https://senseisandy.com/videos/kids-adults-bjj-class-breakfalls-grip-breaking-pogo-uk16cctskk8","no","2026-07-29",""
"https://senseisandy.com/videos/kids-adults-bjj-class-breakfalls-grip-breaking-pogo-stick-uk16cctskk8","301","noindex, follow","https://senseisandy.com/videos/kids-adults-bjj-class-breakfalls-grip-breaking-pogo-uk16cctskk8","","","0","","archive","REDIRECT","","https://senseisandy.com/videos/kids-adults-bjj-class-breakfalls-grip-breaking-pogo-uk16cctskk8","no","2026-07-29",""
"https://senseisandy.com/videos/kids-adults-bjj-class-breakfalls-grip-breaking-pogo-stick-uk16CCtsKk8","301","noindex, follow","https://senseisandy.com/videos/kids-adults-bjj-class-breakfalls-grip-breaking-pogo-uk16cctskk8","","","0","","archive","REDIRECT","","https://senseisandy.com/videos/kids-adults-bjj-class-breakfalls-grip-breaking-pogo-uk16cctskk8","no","2026-07-29",""
"https://senseisandy.com/videos/kids-adults-bjj-class-breakfalls-grip-breaking-pogo-uk16CCtsKk8","301","noindex, follow","https://senseisandy.com/videos/kids-adults-bjj-class-breakfalls-grip-breaking-pogo-uk16cctskk8","","","0","","archive","REDIRECT","","https://senseisandy.com/videos/kids-adults-bjj-class-breakfalls-grip-breaking-pogo-uk16cctskk8","no","2026-07-29",""
"https://senseisandy.com/videos/kids-adults-bjj-class-snap-downs-loop-choke-PksQic7GArU","301","noindex, follow","https://senseisandy.com/videos/kids-adults-bjj-class-snap-downs-loop-choke-pksqic7garu","","","0","","archive","REDIRECT","","https://senseisandy.com/videos/kids-adults-bjj-class-snap-downs-loop-choke-pksqic7garu","no","2026-07-29",""
"https://senseisandy.com/videos/kids-adults-bjj-class-snap-downs-loop-choke-seatbelt-back-control-closed-guard-live-rounds-PksQic7GArU","301","noindex, follow","https://senseisandy.com/videos/kids-adults-bjj-class-snap-downs-loop-choke-pksqic7garu","","","0","","archive","REDIRECT","","https://senseisandy.com/videos/kids-adults-bjj-class-snap-downs-loop-choke-pksqic7garu","no","2026-07-29",""
"https://senseisandy.com/videos/kids-adults-bjj-class-snap-downs-loop-choke-seatbelt-back-pksqic7garu","301","noindex, follow","https://senseisandy.com/videos/kids-adults-bjj-class-snap-downs-loop-choke-pksqic7garu","","","0","","archive","REDIRECT","","https://senseisandy.com/videos/kids-adults-bjj-class-snap-downs-loop-choke-pksqic7garu","no","2026-07-29",""
"https://senseisandy.com/videos/kids-adults-bjj-class-snap-downs-loop-choke-seatbelt-back-PksQic7GArU","301","noindex, follow","https://senseisandy.com/videos/kids-adults-bjj-class-snap-downs-loop-choke-pksqic7garu","","","0","","archive","REDIRECT","","https://senseisandy.com/videos/kids-adults-bjj-class-snap-downs-loop-choke-pksqic7garu","no","2026-07-29",""
"https://senseisandy.com/videos/kids-bjj-safety-class-side-breakfall-don-t-fall-like-a-banana-stability-ball-wrestling-lkW9SJ9v2TI","301","noindex, follow","https://senseisandy.com/videos/kids-bjj-safety-class-side-breakfall-dont-fall-lkw9sj9v2ti","","","0","","archive","REDIRECT","","https://senseisandy.com/videos/kids-bjj-safety-class-side-breakfall-dont-fall-lkw9sj9v2ti","no","2026-07-29",""
"https://senseisandy.com/videos/kids-bjj-safety-class-side-breakfall-don-t-fall-like-a-lkw9sj9v2ti","301","noindex, follow","https://senseisandy.com/videos/kids-bjj-safety-class-side-breakfall-dont-fall-lkw9sj9v2ti","","","0","","archive","REDIRECT","","https://senseisandy.com/videos/kids-bjj-safety-class-side-breakfall-dont-fall-lkw9sj9v2ti","no","2026-07-29",""
"https://senseisandy.com/videos/kids-bjj-safety-class-side-breakfall-don-t-fall-like-a-lkW9SJ9v2TI","301","noindex, follow","https://senseisandy.com/videos/kids-bjj-safety-class-side-breakfall-dont-fall-lkw9sj9v2ti","","","0","","archive","REDIRECT","","https://senseisandy.com/videos/kids-bjj-safety-class-side-breakfall-dont-fall-lkw9sj9v2ti","no","2026-07-29",""
"https://senseisandy.com/videos/kids-bjj-safety-class-side-breakfall-dont-fall-lkW9SJ9v2TI","301","noindex, follow","https://senseisandy.com/videos/kids-bjj-safety-class-side-breakfall-dont-fall-lkw9sj9v2ti","","","0","","archive","REDIRECT","","https://senseisandy.com/videos/kids-bjj-safety-class-side-breakfall-dont-fall-lkw9sj9v2ti","no","2026-07-29",""
"https://senseisandy.com/videos/kids-bjj-safety-class-side-breakfalls-grip-breaks-recovery-drills-retention-games-y1lu5dHnQak","301","noindex, follow","https://senseisandy.com/videos/kids-bjj-safety-class-side-breakfalls-grip-breaks-y1lu5dhnqak","","","0","","archive","REDIRECT","","https://senseisandy.com/videos/kids-bjj-safety-class-side-breakfalls-grip-breaks-y1lu5dhnqak","no","2026-07-29",""
"https://senseisandy.com/videos/kids-bjj-safety-class-side-breakfalls-grip-breaks-recovery-y1lu5dhnqak","301","noindex, follow","https://senseisandy.com/videos/kids-bjj-safety-class-side-breakfalls-grip-breaks-y1lu5dhnqak","","","0","","archive","REDIRECT","","https://senseisandy.com/videos/kids-bjj-safety-class-side-breakfalls-grip-breaks-y1lu5dhnqak","no","2026-07-29",""
"https://senseisandy.com/videos/kids-bjj-safety-class-side-breakfalls-grip-breaks-recovery-y1lu5dHnQak","301","noindex, follow","https://senseisandy.com/videos/kids-bjj-safety-class-side-breakfalls-grip-breaks-y1lu5dhnqak","","","0","","archive","REDIRECT","","https://senseisandy.com/videos/kids-bjj-safety-class-side-breakfalls-grip-breaks-y1lu5dhnqak","no","2026-07-29",""
"https://senseisandy.com/videos/kids-bjj-safety-class-side-breakfalls-grip-breaks-y1lu5dHnQak","301","noindex, follow","https://senseisandy.com/videos/kids-bjj-safety-class-side-breakfalls-grip-breaks-y1lu5dhnqak","","","0","","archive","REDIRECT","","https://senseisandy.com/videos/kids-bjj-safety-class-side-breakfalls-grip-breaks-y1lu5dhnqak","no","2026-07-29",""
"https://senseisandy.com/videos/kids-bjj-safety-skills-hair-pull-escape-grip-break-game-balance-wars-gi-folding-EeNqfgRycfE","301","noindex, follow","https://senseisandy.com/videos/kids-bjj-safety-skills-hair-pull-escape-grip-eenqfgrycfe","","","0","","archive","REDIRECT","","https://senseisandy.com/videos/kids-bjj-safety-skills-hair-pull-escape-grip-eenqfgrycfe","no","2026-07-29",""
"https://senseisandy.com/videos/kids-bjj-safety-skills-hair-pull-escape-grip-break-game-eenqfgrycfe","301","noindex, follow","https://senseisandy.com/videos/kids-bjj-safety-skills-hair-pull-escape-grip-eenqfgrycfe","","","0","","archive","REDIRECT","","https://senseisandy.com/videos/kids-bjj-safety-skills-hair-pull-escape-grip-eenqfgrycfe","no","2026-07-29",""
"https://senseisandy.com/videos/kids-bjj-safety-skills-hair-pull-escape-grip-break-game-EeNqfgRycfE","301","noindex, follow","https://senseisandy.com/videos/kids-bjj-safety-skills-hair-pull-escape-grip-eenqfgrycfe","","","0","","archive","REDIRECT","","https://senseisandy.com/videos/kids-bjj-safety-skills-hair-pull-escape-grip-eenqfgrycfe","no","2026-07-29",""
"https://senseisandy.com/videos/kids-bjj-safety-skills-hair-pull-escape-grip-EeNqfgRycfE","301","noindex, follow","https://senseisandy.com/videos/kids-bjj-safety-skills-hair-pull-escape-grip-eenqfgrycfe","","","0","","archive","REDIRECT","","https://senseisandy.com/videos/kids-bjj-safety-skills-hair-pull-escape-grip-eenqfgrycfe","no","2026-07-29",""
"https://senseisandy.com/videos/kids-brazilian-jiu-jitsu-thursday-D-X1qvoLp-A","301","noindex, follow","https://senseisandy.com/bjj-videos","","","0","","archive","REDIRECT","","https://senseisandy.com/bjj-videos","no","2026-07-29",""
"https://senseisandy.com/videos/kids-self-defense-brazilian-jiu-jitsu-kingston-ny-6SWUFme4fb0","301","noindex, follow","https://senseisandy.com/https:/ascensionbjjny.com","","","0","","archive","REDIRECT","","https://senseisandy.com/https:/ascensionbjjny.com","no","2026-07-29",""
"https://senseisandy.com/videos/kids-teens-adult-brazilian-jiu-jitsu-friday-night-fMJTbQBn3fg","301","noindex, follow","https://senseisandy.com/videos/kids-teens-adult-brazilian-jiu-jitsu-friday-night-fmjtbqbn3fg","","","0","","archive","REDIRECT","","https://senseisandy.com/videos/kids-teens-adult-brazilian-jiu-jitsu-friday-night-fmjtbqbn3fg","no","2026-07-29",""
"https://senseisandy.com/videos/kids-teens-and-adult-brazilian-jiu-jitsu-friday-night-in-fmjtbqbn3fg","301","noindex, follow","https://senseisandy.com/videos/kids-teens-adult-brazilian-jiu-jitsu-friday-night-fmjtbqbn3fg","","","0","","archive","REDIRECT","","https://senseisandy.com/videos/kids-teens-adult-brazilian-jiu-jitsu-friday-night-fmjtbqbn3fg","no","2026-07-29",""
"https://senseisandy.com/videos/kids-teens-and-adult-brazilian-jiu-jitsu-friday-night-in-fMJTbQBn3fg","301","noindex, follow","https://senseisandy.com/videos/kids-teens-adult-brazilian-jiu-jitsu-friday-night-fmjtbqbn3fg","","","0","","archive","REDIRECT","","https://senseisandy.com/videos/kids-teens-adult-brazilian-jiu-jitsu-friday-night-fmjtbqbn3fg","no","2026-07-29",""
"https://senseisandy.com/videos/kids-teens-and-adult-brazilian-jiu-jitsu-friday-night-in-tannersville-ny-fMJTbQBn3fg","301","noindex, follow","https://senseisandy.com/videos/kids-teens-adult-brazilian-jiu-jitsu-friday-night-fmjtbqbn3fg","","","0","","archive","REDIRECT","","https://senseisandy.com/videos/kids-teens-adult-brazilian-jiu-jitsu-friday-night-fmjtbqbn3fg","no","2026-07-29",""
"https://senseisandy.com/videos/knee-pick-takedown-leg-drag-pass-north-south-choke-kinking-gts61f1ad9o","301","noindex, follow","https://senseisandy.com/videos/knee-pick-takedown-leg-drag-pass-north-south-gts61f1ad9o","","","0","","archive","REDIRECT","","https://senseisandy.com/videos/knee-pick-takedown-leg-drag-pass-north-south-gts61f1ad9o","no","2026-07-29",""
"https://senseisandy.com/videos/knee-pick-takedown-leg-drag-pass-north-south-choke-kinking-gtS61f1Ad9o","301","noindex, follow","https://senseisandy.com/videos/knee-pick-takedown-leg-drag-pass-north-south-gts61f1ad9o","","","0","","archive","REDIRECT","","https://senseisandy.com/videos/knee-pick-takedown-leg-drag-pass-north-south-gts61f1ad9o","no","2026-07-29",""
"https://senseisandy.com/videos/knee-pick-takedown-leg-drag-pass-north-south-choke-kinking-the-hose-bjj-class-gtS61f1Ad9o","301","noindex, follow","https://senseisandy.com/videos/knee-pick-takedown-leg-drag-pass-north-south-gts61f1ad9o","","","0","","archive","REDIRECT","","https://senseisandy.com/videos/knee-pick-takedown-leg-drag-pass-north-south-gts61f1ad9o","no","2026-07-29",""
"https://senseisandy.com/videos/knee-pick-takedown-leg-drag-pass-north-south-gtS61f1Ad9o","301","noindex, follow","https://senseisandy.com/videos/knee-pick-takedown-leg-drag-pass-north-south-gts61f1ad9o","","","0","","archive","REDIRECT","","https://senseisandy.com/videos/knee-pick-takedown-leg-drag-pass-north-south-gts61f1ad9o","no","2026-07-29",""
"https://senseisandy.com/videos/live-sparring-bulldog-hangman-choke-finish-north-south-jrsCqOtsL0k","301","noindex, follow","https://senseisandy.com/videos/live-sparring-bulldog-hangman-choke-finish-north-south-jrscqotsl0k","","","0","","archive","REDIRECT","","https://senseisandy.com/videos/live-sparring-bulldog-hangman-choke-finish-north-south-jrscqotsl0k","no","2026-07-29",""
"https://senseisandy.com/videos/live-sparring-bulldog-hangman-choke-finish-north-south-pressure-bjj-mindset-talk-jrsCqOtsL0k","301","noindex, follow","https://senseisandy.com/videos/live-sparring-bulldog-hangman-choke-finish-north-south-jrscqotsl0k","","","0","","archive","REDIRECT","","https://senseisandy.com/videos/live-sparring-bulldog-hangman-choke-finish-north-south-jrscqotsl0k","no","2026-07-29",""
"https://senseisandy.com/videos/magic-moves-cow-tipping-and-shark-attacks-on-a-tuesday-in-tannersville-Ioek3l5oqhY","301","noindex, follow","https://senseisandy.com/videos/breakfalls-beginners-3-safe-get-ups-arm-triangle-ioek3l5oqhy","","","0","","archive","REDIRECT","","https://senseisandy.com/videos/breakfalls-beginners-3-safe-get-ups-arm-triangle-ioek3l5oqhy","no","2026-07-29",""
"https://senseisandy.com/videos/monday-tannersville-jiu-jitsu-vPCr667CyAg","301","noindex, follow","https://senseisandy.com/videos/monday-tannersville-jiu-jitsu-vpcr667cyag","","","0","","archive","REDIRECT","","https://senseisandy.com/videos/monday-tannersville-jiu-jitsu-vpcr667cyag","no","2026-07-29",""
"https://senseisandy.com/videos/peterson-roll-escape-paint-brush-choke-reverse-power-nelson-bjj-class-breakdown-PtRaLTY9r64","301","noindex, follow","https://senseisandy.com/videos/peterson-roll-escape-paint-brush-choke-reverse-power-ptralty9r64","","","0","","archive","REDIRECT","","https://senseisandy.com/videos/peterson-roll-escape-paint-brush-choke-reverse-power-ptralty9r64","no","2026-07-29",""
"https://senseisandy.com/videos/peterson-roll-escape-paint-brush-choke-reverse-power-PtRaLTY9r64","301","noindex, follow","https://senseisandy.com/videos/peterson-roll-escape-paint-brush-choke-reverse-power-ptralty9r64","","","0","","archive","REDIRECT","","https://senseisandy.com/videos/peterson-roll-escape-paint-brush-choke-reverse-power-ptralty9r64","no","2026-07-29",""
"https://senseisandy.com/videos/private-video-VXzRG-G8rtU","301","noindex, follow","https://senseisandy.com/videos/private-video-vxzrg-g8rtu","","","0","","archive","REDIRECT","","https://senseisandy.com/videos/private-video-vxzrg-g8rtu","no","2026-07-29",""
"https://senseisandy.com/videos/rear-bear-hug-body-lock-defense-seatbelt-back-WsWXnsiAvUU","301","noindex, follow","https://senseisandy.com/videos/rear-bear-hug-body-lock-defense-seatbelt-back-wswxnsiavuu","","","0","","archive","REDIRECT","","https://senseisandy.com/videos/rear-bear-hug-body-lock-defense-seatbelt-back-wswxnsiavuu","no","2026-07-29",""
"https://senseisandy.com/videos/rear-bear-hug-rear-body-lock-defense-seatbelt-back-control-grip-breaks-sparring-rules-WsWXnsiAvUU","301","noindex, follow","https://senseisandy.com/videos/rear-bear-hug-body-lock-defense-seatbelt-back-wswxnsiavuu","","","0","","archive","REDIRECT","","https://senseisandy.com/videos/rear-bear-hug-body-lock-defense-seatbelt-back-wswxnsiavuu","no","2026-07-29",""
"https://senseisandy.com/videos/rear-bear-hug-rear-body-lock-defense-seatbelt-back-control-wswxnsiavuu","301","noindex, follow","https://senseisandy.com/videos/rear-bear-hug-body-lock-defense-seatbelt-back-wswxnsiavuu","","","0","","archive","REDIRECT","","https://senseisandy.com/videos/rear-bear-hug-body-lock-defense-seatbelt-back-wswxnsiavuu","no","2026-07-29",""
"https://senseisandy.com/videos/rear-bear-hug-rear-body-lock-defense-seatbelt-back-control-WsWXnsiAvUU","301","noindex, follow","https://senseisandy.com/videos/rear-bear-hug-body-lock-defense-seatbelt-back-wswxnsiavuu","","","0","","archive","REDIRECT","","https://senseisandy.com/videos/rear-bear-hug-body-lock-defense-seatbelt-back-wswxnsiavuu","no","2026-07-29",""
"https://senseisandy.com/videos/rear-naked-choke-mata-le-o-details-guard-retention-basics-beginner-bjj-class-BeINaONoezg","301","noindex, follow","https://senseisandy.com/videos/rear-naked-choke-mata-leao-details-guard-retention-beinaonoezg","","","0","","archive","REDIRECT","","https://senseisandy.com/videos/rear-naked-choke-mata-leao-details-guard-retention-beinaonoezg","no","2026-07-29",""
"https://senseisandy.com/videos/rear-naked-choke-mata-le-o-details-guard-retention-basics-beinaonoezg","301","noindex, follow","https://senseisandy.com/videos/rear-naked-choke-mata-leao-details-guard-retention-beinaonoezg","","","0","","archive","REDIRECT","","https://senseisandy.com/videos/rear-naked-choke-mata-leao-details-guard-retention-beinaonoezg","no","2026-07-29",""
"https://senseisandy.com/videos/rear-naked-choke-mata-le-o-details-guard-retention-basics-BeINaONoezg","301","noindex, follow","https://senseisandy.com/videos/rear-naked-choke-mata-leao-details-guard-retention-beinaonoezg","","","0","","archive","REDIRECT","","https://senseisandy.com/videos/rear-naked-choke-mata-leao-details-guard-retention-beinaonoezg","no","2026-07-29",""
"https://senseisandy.com/videos/rear-naked-choke-mata-leao-details-guard-retention-BeINaONoezg","301","noindex, follow","https://senseisandy.com/videos/rear-naked-choke-mata-leao-details-guard-retention-beinaonoezg","","","0","","archive","REDIRECT","","https://senseisandy.com/videos/rear-naked-choke-mata-leao-details-guard-retention-beinaonoezg","no","2026-07-29",""
"https://senseisandy.com/videos/rear-naked-choke-rnc-mount-escape-spiderweb-armbar-bjj-class-breakdown-P8UneaZvoWk","301","noindex, follow","https://senseisandy.com/videos/rear-naked-choke-rnc-mount-escape-spiderweb-armbar-p8uneazvowk","","","0","","archive","REDIRECT","","https://senseisandy.com/videos/rear-naked-choke-rnc-mount-escape-spiderweb-armbar-p8uneazvowk","no","2026-07-29",""
"https://senseisandy.com/videos/rear-naked-choke-rnc-mount-escape-spiderweb-armbar-bjj-p8uneazvowk","301","noindex, follow","https://senseisandy.com/videos/rear-naked-choke-rnc-mount-escape-spiderweb-armbar-p8uneazvowk","","","0","","archive","REDIRECT","","https://senseisandy.com/videos/rear-naked-choke-rnc-mount-escape-spiderweb-armbar-p8uneazvowk","no","2026-07-29",""
"https://senseisandy.com/videos/rear-naked-choke-rnc-mount-escape-spiderweb-armbar-bjj-P8UneaZvoWk","301","noindex, follow","https://senseisandy.com/videos/rear-naked-choke-rnc-mount-escape-spiderweb-armbar-p8uneazvowk","","","0","","archive","REDIRECT","","https://senseisandy.com/videos/rear-naked-choke-rnc-mount-escape-spiderweb-armbar-p8uneazvowk","no","2026-07-29",""
"https://senseisandy.com/videos/rear-naked-choke-rnc-mount-escape-spiderweb-armbar-P8UneaZvoWk","301","noindex, follow","https://senseisandy.com/videos/rear-naked-choke-rnc-mount-escape-spiderweb-armbar-p8uneazvowk","","","0","","archive","REDIRECT","","https://senseisandy.com/videos/rear-naked-choke-rnc-mount-escape-spiderweb-armbar-p8uneazvowk","no","2026-07-29",""
"https://senseisandy.com/videos/safe-stand-ups-knee-pick-bulldog-front-headlock-B8X5bI-3THU","301","noindex, follow","https://senseisandy.com/videos/safe-stand-ups-knee-pick-bulldog-front-headlock-b8x5bi-3thu","","","0","","archive","REDIRECT","","https://senseisandy.com/videos/safe-stand-ups-knee-pick-bulldog-front-headlock-b8x5bi-3thu","no","2026-07-29",""
"https://senseisandy.com/videos/safe-stand-ups-knee-pick-bulldog-front-headlock-north-b8x5bi-3thu","301","noindex, follow","https://senseisandy.com/videos/safe-stand-ups-knee-pick-bulldog-front-headlock-b8x5bi-3thu","","","0","","archive","REDIRECT","","https://senseisandy.com/videos/safe-stand-ups-knee-pick-bulldog-front-headlock-b8x5bi-3thu","no","2026-07-29",""
"https://senseisandy.com/videos/safe-stand-ups-knee-pick-bulldog-front-headlock-north-B8X5bI-3THU","301","noindex, follow","https://senseisandy.com/videos/safe-stand-ups-knee-pick-bulldog-front-headlock-b8x5bi-3thu","","","0","","archive","REDIRECT","","https://senseisandy.com/videos/safe-stand-ups-knee-pick-bulldog-front-headlock-b8x5bi-3thu","no","2026-07-29",""
"https://senseisandy.com/videos/safe-stand-ups-knee-pick-bulldog-front-headlock-north-south-choke-bjj-class-B8X5bI-3THU","301","noindex, follow","https://senseisandy.com/videos/safe-stand-ups-knee-pick-bulldog-front-headlock-b8x5bi-3thu","","","0","","archive","REDIRECT","","https://senseisandy.com/videos/safe-stand-ups-knee-pick-bulldog-front-headlock-b8x5bi-3thu","no","2026-07-29",""
"https://senseisandy.com/videos/safe-tai-otoshi-rear-body-lock-defense-youth-handcuff-ride-n-yodtnn8f8","301","noindex, follow","https://senseisandy.com/videos/safe-tai-otoshi-rear-body-lock-defense-youth-n-yodtnn8f8","","","0","","archive","REDIRECT","","https://senseisandy.com/videos/safe-tai-otoshi-rear-body-lock-defense-youth-n-yodtnn8f8","no","2026-07-29",""
"https://senseisandy.com/videos/safe-tai-otoshi-rear-body-lock-defense-youth-handcuff-ride-N-YODTNN8F8","301","noindex, follow","https://senseisandy.com/videos/safe-tai-otoshi-rear-body-lock-defense-youth-n-yodtnn8f8","","","0","","archive","REDIRECT","","https://senseisandy.com/videos/safe-tai-otoshi-rear-body-lock-defense-youth-n-yodtnn8f8","no","2026-07-29",""
"https://senseisandy.com/videos/safe-tai-otoshi-rear-body-lock-defense-youth-handcuff-ride-passing-cheat-code-adults-N-YODTNN8F8","301","noindex, follow","https://senseisandy.com/videos/safe-tai-otoshi-rear-body-lock-defense-youth-n-yodtnn8f8","","","0","","archive","REDIRECT","","https://senseisandy.com/videos/safe-tai-otoshi-rear-body-lock-defense-youth-n-yodtnn8f8","no","2026-07-29",""
"https://senseisandy.com/videos/safe-tai-otoshi-rear-body-lock-defense-youth-N-YODTNN8F8","301","noindex, follow","https://senseisandy.com/videos/safe-tai-otoshi-rear-body-lock-defense-youth-n-yodtnn8f8","","","0","","archive","REDIRECT","","https://senseisandy.com/videos/safe-tai-otoshi-rear-body-lock-defense-youth-n-yodtnn8f8","no","2026-07-29",""
"https://senseisandy.com/videos/shoulder-hold-saturday-no-gi-brazilian-jiu-jitsu-in-kingston-W63Qn5XsFg8","301","noindex, follow","https://senseisandy.com/https:/ascensionbjjny.com","","","0","","archive","REDIRECT","","https://senseisandy.com/https:/ascensionbjjny.com","no","2026-07-29",""
"https://senseisandy.com/videos/single-leg-takedown-mount-escape-kimura-back-control-OQcvaTFQoRc","301","noindex, follow","https://senseisandy.com/videos/single-leg-takedown-mount-escape-kimura-back-control-oqcvatfqorc","","","0","","archive","REDIRECT","","https://senseisandy.com/videos/single-leg-takedown-mount-escape-kimura-back-control-oqcvatfqorc","no","2026-07-29",""
"https://senseisandy.com/videos/single-leg-takedown-mount-escape-kimura-from-back-control-oqcvatfqorc","301","noindex, follow","https://senseisandy.com/videos/single-leg-takedown-mount-escape-kimura-back-control-oqcvatfqorc","","","0","","archive","REDIRECT","","https://senseisandy.com/videos/single-leg-takedown-mount-escape-kimura-back-control-oqcvatfqorc","no","2026-07-29",""
"https://senseisandy.com/videos/single-leg-takedown-mount-escape-kimura-from-back-control-OQcvaTFQoRc","301","noindex, follow","https://senseisandy.com/videos/single-leg-takedown-mount-escape-kimura-back-control-oqcvatfqorc","","","0","","archive","REDIRECT","","https://senseisandy.com/videos/single-leg-takedown-mount-escape-kimura-back-control-oqcvatfqorc","no","2026-07-29",""
"https://senseisandy.com/videos/single-leg-takedown-mount-escape-kimura-from-back-control-youth-adult-bjj-class-OQcvaTFQoRc","301","noindex, follow","https://senseisandy.com/videos/single-leg-takedown-mount-escape-kimura-back-control-oqcvatfqorc","","","0","","archive","REDIRECT","","https://senseisandy.com/videos/single-leg-takedown-mount-escape-kimura-back-control-oqcvatfqorc","no","2026-07-29",""
"https://senseisandy.com/videos/spar-3cD3E6czrXU","301","noindex, follow","https://senseisandy.com/bjj-videos","","","0","","archive","REDIRECT","","https://senseisandy.com/bjj-videos","no","2026-07-29",""
"https://senseisandy.com/videos/teens-brazilian-jiu-jitsu-chokes-self-defense-LFeW-qWwdgQ","301","noindex, follow","https://senseisandy.com/videos/teens-brazilian-jiu-jitsu-chokes-self-defense-lfew-qwwdgq","","","0","","archive","REDIRECT","","https://senseisandy.com/videos/teens-brazilian-jiu-jitsu-chokes-self-defense-lfew-qwwdgq","no","2026-07-29",""
"https://senseisandy.com/videos/tuesday-tannersville-brazilian-jiu-jitsu-xXScA476zuE","301","noindex, follow","https://senseisandy.com/videos/tuesday-tannersville-brazilian-jiu-jitsu-xxsca476zue","","","0","","archive","REDIRECT","","https://senseisandy.com/videos/tuesday-tannersville-brazilian-jiu-jitsu-xxsca476zue","no","2026-07-29",""
"https://senseisandy.com/videos/wednesday-GFcByYHrou4","301","noindex, follow","https://senseisandy.com/videos/wednesday-gfcbyyhrou4","","","0","","archive","REDIRECT","","https://senseisandy.com/videos/wednesday-gfcbyyhrou4","no","2026-07-29",""
"https://senseisandy.com/waiver","410","noindex, follow","https://senseisandy.com/waiver","Student Waiver &amp;amp; Registration | Sensei Sandy BJJ (NY)","","7","962","conversion","REMOVE","","","no","2026-07-29",""
